--
-- PostgreSQL database dump
--

\restrict X2rh2mlLJ81gQ9xEQdlSj3A6f8Xv7iJXjoOdNfnng3rMDFFYSLNQKZfL832gfJu

-- Dumped from database version 16.13 (Ubuntu 16.13-0ubuntu0.24.04.1)
-- Dumped by pg_dump version 16.13 (Ubuntu 16.13-0ubuntu0.24.04.1)

SET statement_timeout = 0;
SET lock_timeout = 0;
SET idle_in_transaction_session_timeout = 0;
SET client_encoding = 'UTF8';
SET standard_conforming_strings = on;
SELECT pg_catalog.set_config('search_path', '', false);
SET check_function_bodies = false;
SET xmloption = content;
SET client_min_messages = warning;
SET row_security = off;

SET default_tablespace = '';

SET default_table_access_method = heap;

--
-- Name: assets_asset; Type: TABLE; Schema: public; Owner: -
--

CREATE TABLE public.assets_asset (
    id bigint NOT NULL,
    name character varying(160) NOT NULL,
    hostname character varying(255) NOT NULL,
    ip_address inet,
    canonical_identifier character varying(255),
    operating_system character varying(255) NOT NULL,
    risk_score numeric(5,2) NOT NULL,
    risk_level character varying(16) NOT NULL,
    owner_name character varying(160) NOT NULL,
    notes text NOT NULL,
    last_seen_at timestamp with time zone,
    last_scanned_at timestamp with time zone,
    status character varying(16) NOT NULL,
    current_open_ports_count integer NOT NULL,
    created_at timestamp with time zone NOT NULL,
    updated_at timestamp with time zone NOT NULL,
    target_id bigint,
    CONSTRAINT assets_asset_current_open_ports_count_check CHECK ((current_open_ports_count >= 0))
);


--
-- Name: assets_asset_id_seq; Type: SEQUENCE; Schema: public; Owner: -
--

ALTER TABLE public.assets_asset ALTER COLUMN id ADD GENERATED BY DEFAULT AS IDENTITY (
    SEQUENCE NAME public.assets_asset_id_seq
    START WITH 1
    INCREMENT BY 1
    NO MINVALUE
    NO MAXVALUE
    CACHE 1
);


--
-- Name: assets_assetchangelog; Type: TABLE; Schema: public; Owner: -
--

CREATE TABLE public.assets_assetchangelog (
    id bigint NOT NULL,
    change_type character varying(32) NOT NULL,
    summary text NOT NULL,
    diff_json jsonb NOT NULL,
    created_at timestamp with time zone NOT NULL,
    asset_id bigint NOT NULL,
    current_snapshot_id bigint,
    previous_snapshot_id bigint
);


--
-- Name: assets_assetchangelog_id_seq; Type: SEQUENCE; Schema: public; Owner: -
--

ALTER TABLE public.assets_assetchangelog ALTER COLUMN id ADD GENERATED BY DEFAULT AS IDENTITY (
    SEQUENCE NAME public.assets_assetchangelog_id_seq
    START WITH 1
    INCREMENT BY 1
    NO MINVALUE
    NO MAXVALUE
    CACHE 1
);


--
-- Name: assets_assetsnapshot; Type: TABLE; Schema: public; Owner: -
--

CREATE TABLE public.assets_assetsnapshot (
    id bigint NOT NULL,
    hostname character varying(255) NOT NULL,
    ip_address inet,
    operating_system character varying(255) NOT NULL,
    open_ports_json jsonb NOT NULL,
    services_json jsonb NOT NULL,
    raw_summary_json jsonb NOT NULL,
    created_at timestamp with time zone NOT NULL,
    asset_id bigint NOT NULL,
    source_result_id bigint
);


--
-- Name: assets_assetsnapshot_id_seq; Type: SEQUENCE; Schema: public; Owner: -
--

ALTER TABLE public.assets_assetsnapshot ALTER COLUMN id ADD GENERATED BY DEFAULT AS IDENTITY (
    SEQUENCE NAME public.assets_assetsnapshot_id_seq
    START WITH 1
    INCREMENT BY 1
    NO MINVALUE
    NO MAXVALUE
    CACHE 1
);


--
-- Name: auth_group; Type: TABLE; Schema: public; Owner: -
--

CREATE TABLE public.auth_group (
    id integer NOT NULL,
    name character varying(150) NOT NULL
);


--
-- Name: auth_group_id_seq; Type: SEQUENCE; Schema: public; Owner: -
--

ALTER TABLE public.auth_group ALTER COLUMN id ADD GENERATED BY DEFAULT AS IDENTITY (
    SEQUENCE NAME public.auth_group_id_seq
    START WITH 1
    INCREMENT BY 1
    NO MINVALUE
    NO MAXVALUE
    CACHE 1
);


--
-- Name: auth_group_permissions; Type: TABLE; Schema: public; Owner: -
--

CREATE TABLE public.auth_group_permissions (
    id bigint NOT NULL,
    group_id integer NOT NULL,
    permission_id integer NOT NULL
);


--
-- Name: auth_group_permissions_id_seq; Type: SEQUENCE; Schema: public; Owner: -
--

ALTER TABLE public.auth_group_permissions ALTER COLUMN id ADD GENERATED BY DEFAULT AS IDENTITY (
    SEQUENCE NAME public.auth_group_permissions_id_seq
    START WITH 1
    INCREMENT BY 1
    NO MINVALUE
    NO MAXVALUE
    CACHE 1
);


--
-- Name: auth_permission; Type: TABLE; Schema: public; Owner: -
--

CREATE TABLE public.auth_permission (
    id integer NOT NULL,
    name character varying(255) NOT NULL,
    content_type_id integer NOT NULL,
    codename character varying(100) NOT NULL
);


--
-- Name: auth_permission_id_seq; Type: SEQUENCE; Schema: public; Owner: -
--

ALTER TABLE public.auth_permission ALTER COLUMN id ADD GENERATED BY DEFAULT AS IDENTITY (
    SEQUENCE NAME public.auth_permission_id_seq
    START WITH 1
    INCREMENT BY 1
    NO MINVALUE
    NO MAXVALUE
    CACHE 1
);


--
-- Name: axes_accessattempt; Type: TABLE; Schema: public; Owner: -
--

CREATE TABLE public.axes_accessattempt (
    id integer NOT NULL,
    user_agent character varying(255) NOT NULL,
    ip_address inet,
    username character varying(255),
    http_accept character varying(1025) NOT NULL,
    path_info character varying(255) NOT NULL,
    attempt_time timestamp with time zone NOT NULL,
    get_data text NOT NULL,
    post_data text NOT NULL,
    failures_since_start integer NOT NULL,
    CONSTRAINT axes_accessattempt_failures_since_start_check CHECK ((failures_since_start >= 0))
);


--
-- Name: axes_accessattempt_id_seq; Type: SEQUENCE; Schema: public; Owner: -
--

ALTER TABLE public.axes_accessattempt ALTER COLUMN id ADD GENERATED BY DEFAULT AS IDENTITY (
    SEQUENCE NAME public.axes_accessattempt_id_seq
    START WITH 1
    INCREMENT BY 1
    NO MINVALUE
    NO MAXVALUE
    CACHE 1
);


--
-- Name: axes_accessfailurelog; Type: TABLE; Schema: public; Owner: -
--

CREATE TABLE public.axes_accessfailurelog (
    id integer NOT NULL,
    user_agent character varying(255) NOT NULL,
    ip_address inet,
    username character varying(255),
    http_accept character varying(1025) NOT NULL,
    path_info character varying(255) NOT NULL,
    attempt_time timestamp with time zone NOT NULL,
    locked_out boolean NOT NULL
);


--
-- Name: axes_accessfailurelog_id_seq; Type: SEQUENCE; Schema: public; Owner: -
--

ALTER TABLE public.axes_accessfailurelog ALTER COLUMN id ADD GENERATED BY DEFAULT AS IDENTITY (
    SEQUENCE NAME public.axes_accessfailurelog_id_seq
    START WITH 1
    INCREMENT BY 1
    NO MINVALUE
    NO MAXVALUE
    CACHE 1
);


--
-- Name: axes_accesslog; Type: TABLE; Schema: public; Owner: -
--

CREATE TABLE public.axes_accesslog (
    id integer NOT NULL,
    user_agent character varying(255) NOT NULL,
    ip_address inet,
    username character varying(255),
    http_accept character varying(1025) NOT NULL,
    path_info character varying(255) NOT NULL,
    attempt_time timestamp with time zone NOT NULL,
    logout_time timestamp with time zone
);


--
-- Name: axes_accesslog_id_seq; Type: SEQUENCE; Schema: public; Owner: -
--

ALTER TABLE public.axes_accesslog ALTER COLUMN id ADD GENERATED BY DEFAULT AS IDENTITY (
    SEQUENCE NAME public.axes_accesslog_id_seq
    START WITH 1
    INCREMENT BY 1
    NO MINVALUE
    NO MAXVALUE
    CACHE 1
);


--
-- Name: db_user_logs; Type: TABLE; Schema: public; Owner: -
--

CREATE TABLE public.db_user_logs (
    id bigint NOT NULL,
    username_snapshot character varying(150) NOT NULL,
    description character varying(500) NOT NULL,
    ip_address character varying(45) NOT NULL,
    request_method character varying(10) NOT NULL,
    path character varying(500) NOT NULL,
    device character varying(255) NOT NULL,
    operating_system character varying(255) NOT NULL,
    browser character varying(255) NOT NULL,
    user_agent text NOT NULL,
    action_type character varying(32) NOT NULL,
    target_model character varying(120) NOT NULL,
    target_object_id character varying(64) NOT NULL,
    object_repr character varying(255) NOT NULL,
    is_success boolean NOT NULL,
    action_datetime timestamp with time zone NOT NULL,
    user_id bigint
);


--
-- Name: db_user_logs_id_seq; Type: SEQUENCE; Schema: public; Owner: -
--

ALTER TABLE public.db_user_logs ALTER COLUMN id ADD GENERATED BY DEFAULT AS IDENTITY (
    SEQUENCE NAME public.db_user_logs_id_seq
    START WITH 1
    INCREMENT BY 1
    NO MINVALUE
    NO MAXVALUE
    CACHE 1
);


--
-- Name: django_admin_log; Type: TABLE; Schema: public; Owner: -
--

CREATE TABLE public.django_admin_log (
    id integer NOT NULL,
    action_time timestamp with time zone NOT NULL,
    object_id text,
    object_repr character varying(200) NOT NULL,
    action_flag smallint NOT NULL,
    change_message text NOT NULL,
    content_type_id integer,
    user_id bigint NOT NULL,
    CONSTRAINT django_admin_log_action_flag_check CHECK ((action_flag >= 0))
);


--
-- Name: django_admin_log_id_seq; Type: SEQUENCE; Schema: public; Owner: -
--

ALTER TABLE public.django_admin_log ALTER COLUMN id ADD GENERATED BY DEFAULT AS IDENTITY (
    SEQUENCE NAME public.django_admin_log_id_seq
    START WITH 1
    INCREMENT BY 1
    NO MINVALUE
    NO MAXVALUE
    CACHE 1
);


--
-- Name: django_content_type; Type: TABLE; Schema: public; Owner: -
--

CREATE TABLE public.django_content_type (
    id integer NOT NULL,
    app_label character varying(100) NOT NULL,
    model character varying(100) NOT NULL
);


--
-- Name: django_content_type_id_seq; Type: SEQUENCE; Schema: public; Owner: -
--

ALTER TABLE public.django_content_type ALTER COLUMN id ADD GENERATED BY DEFAULT AS IDENTITY (
    SEQUENCE NAME public.django_content_type_id_seq
    START WITH 1
    INCREMENT BY 1
    NO MINVALUE
    NO MAXVALUE
    CACHE 1
);


--
-- Name: django_migrations; Type: TABLE; Schema: public; Owner: -
--

CREATE TABLE public.django_migrations (
    id bigint NOT NULL,
    app character varying(255) NOT NULL,
    name character varying(255) NOT NULL,
    applied timestamp with time zone NOT NULL
);


--
-- Name: django_migrations_id_seq; Type: SEQUENCE; Schema: public; Owner: -
--

ALTER TABLE public.django_migrations ALTER COLUMN id ADD GENERATED BY DEFAULT AS IDENTITY (
    SEQUENCE NAME public.django_migrations_id_seq
    START WITH 1
    INCREMENT BY 1
    NO MINVALUE
    NO MAXVALUE
    CACHE 1
);


--
-- Name: django_session; Type: TABLE; Schema: public; Owner: -
--

CREATE TABLE public.django_session (
    session_key character varying(40) NOT NULL,
    session_data text NOT NULL,
    expire_date timestamp with time zone NOT NULL
);


--
-- Name: notifications_notification; Type: TABLE; Schema: public; Owner: -
--

CREATE TABLE public.notifications_notification (
    id bigint NOT NULL,
    title character varying(180) NOT NULL,
    message text NOT NULL,
    notification_type character varying(32) NOT NULL,
    severity character varying(16) NOT NULL,
    is_read boolean NOT NULL,
    action_url character varying(255) NOT NULL,
    metadata_json jsonb NOT NULL,
    created_at timestamp with time zone NOT NULL,
    read_at timestamp with time zone,
    recipient_id bigint NOT NULL,
    related_asset_id bigint,
    related_execution_id bigint,
    related_result_id bigint,
    related_schedule_id bigint
);


--
-- Name: notifications_notification_id_seq; Type: SEQUENCE; Schema: public; Owner: -
--

ALTER TABLE public.notifications_notification ALTER COLUMN id ADD GENERATED BY DEFAULT AS IDENTITY (
    SEQUENCE NAME public.notifications_notification_id_seq
    START WITH 1
    INCREMENT BY 1
    NO MINVALUE
    NO MAXVALUE
    CACHE 1
);


--
-- Name: ops_adminauditlog; Type: TABLE; Schema: public; Owner: -
--

CREATE TABLE public.ops_adminauditlog (
    id bigint NOT NULL,
    action character varying(120) NOT NULL,
    target_type character varying(120) NOT NULL,
    target_id character varying(64) NOT NULL,
    summary text NOT NULL,
    metadata_json jsonb NOT NULL,
    created_at timestamp with time zone NOT NULL,
    actor_id bigint
);


--
-- Name: ops_adminauditlog_id_seq; Type: SEQUENCE; Schema: public; Owner: -
--

ALTER TABLE public.ops_adminauditlog ALTER COLUMN id ADD GENERATED BY DEFAULT AS IDENTITY (
    SEQUENCE NAME public.ops_adminauditlog_id_seq
    START WITH 1
    INCREMENT BY 1
    NO MINVALUE
    NO MAXVALUE
    CACHE 1
);


--
-- Name: ops_appsetting; Type: TABLE; Schema: public; Owner: -
--

CREATE TABLE public.ops_appsetting (
    id bigint NOT NULL,
    key character varying(120) NOT NULL,
    value_text text NOT NULL,
    value_json jsonb NOT NULL,
    category character varying(32) NOT NULL,
    label character varying(160) NOT NULL,
    description text NOT NULL,
    is_active boolean NOT NULL,
    created_at timestamp with time zone NOT NULL,
    updated_at timestamp with time zone NOT NULL,
    updated_by_id bigint
);


--
-- Name: ops_appsetting_id_seq; Type: SEQUENCE; Schema: public; Owner: -
--

ALTER TABLE public.ops_appsetting ALTER COLUMN id ADD GENERATED BY DEFAULT AS IDENTITY (
    SEQUENCE NAME public.ops_appsetting_id_seq
    START WITH 1
    INCREMENT BY 1
    NO MINVALUE
    NO MAXVALUE
    CACHE 1
);


--
-- Name: ops_permissionrule; Type: TABLE; Schema: public; Owner: -
--

CREATE TABLE public.ops_permissionrule (
    id bigint NOT NULL,
    permission_key character varying(64) NOT NULL,
    is_allowed boolean NOT NULL,
    created_at timestamp with time zone NOT NULL,
    updated_at timestamp with time zone NOT NULL,
    role_id bigint NOT NULL
);


--
-- Name: ops_permissionrule_id_seq; Type: SEQUENCE; Schema: public; Owner: -
--

ALTER TABLE public.ops_permissionrule ALTER COLUMN id ADD GENERATED BY DEFAULT AS IDENTITY (
    SEQUENCE NAME public.ops_permissionrule_id_seq
    START WITH 1
    INCREMENT BY 1
    NO MINVALUE
    NO MAXVALUE
    CACHE 1
);


--
-- Name: ops_role; Type: TABLE; Schema: public; Owner: -
--

CREATE TABLE public.ops_role (
    id bigint NOT NULL,
    name character varying(120) NOT NULL,
    slug character varying(120) NOT NULL,
    description text NOT NULL,
    is_system boolean NOT NULL,
    created_at timestamp with time zone NOT NULL,
    updated_at timestamp with time zone NOT NULL
);


--
-- Name: ops_role_id_seq; Type: SEQUENCE; Schema: public; Owner: -
--

ALTER TABLE public.ops_role ALTER COLUMN id ADD GENERATED BY DEFAULT AS IDENTITY (
    SEQUENCE NAME public.ops_role_id_seq
    START WITH 1
    INCREMENT BY 1
    NO MINVALUE
    NO MAXVALUE
    CACHE 1
);


--
-- Name: ops_systemhealthsnapshot; Type: TABLE; Schema: public; Owner: -
--

CREATE TABLE public.ops_systemhealthsnapshot (
    id bigint NOT NULL,
    service_name character varying(64) NOT NULL,
    status character varying(16) NOT NULL,
    summary text NOT NULL,
    metadata_json jsonb NOT NULL,
    checked_at timestamp with time zone NOT NULL,
    created_at timestamp with time zone NOT NULL
);


--
-- Name: ops_systemhealthsnapshot_id_seq; Type: SEQUENCE; Schema: public; Owner: -
--

ALTER TABLE public.ops_systemhealthsnapshot ALTER COLUMN id ADD GENERATED BY DEFAULT AS IDENTITY (
    SEQUENCE NAME public.ops_systemhealthsnapshot_id_seq
    START WITH 1
    INCREMENT BY 1
    NO MINVALUE
    NO MAXVALUE
    CACHE 1
);


--
-- Name: ops_userprofile; Type: TABLE; Schema: public; Owner: -
--

CREATE TABLE public.ops_userprofile (
    id bigint NOT NULL,
    display_name character varying(160) NOT NULL,
    is_approved boolean NOT NULL,
    is_internal_operator boolean NOT NULL,
    allowed_workspace character varying(120) NOT NULL,
    notes text NOT NULL,
    force_password_reset boolean NOT NULL,
    last_seen_at timestamp with time zone,
    created_at timestamp with time zone NOT NULL,
    updated_at timestamp with time zone NOT NULL,
    role_id bigint,
    user_id bigint NOT NULL
);


--
-- Name: ops_userprofile_id_seq; Type: SEQUENCE; Schema: public; Owner: -
--

ALTER TABLE public.ops_userprofile ALTER COLUMN id ADD GENERATED BY DEFAULT AS IDENTITY (
    SEQUENCE NAME public.ops_userprofile_id_seq
    START WITH 1
    INCREMENT BY 1
    NO MINVALUE
    NO MAXVALUE
    CACHE 1
);


--
-- Name: ops_workerstatussnapshot; Type: TABLE; Schema: public; Owner: -
--

CREATE TABLE public.ops_workerstatussnapshot (
    id bigint NOT NULL,
    worker_name character varying(120) NOT NULL,
    status character varying(16) NOT NULL,
    active_jobs_count integer NOT NULL,
    queued_jobs_count integer NOT NULL,
    failed_jobs_count integer NOT NULL,
    heartbeat_at timestamp with time zone NOT NULL,
    metadata_json jsonb NOT NULL,
    created_at timestamp with time zone NOT NULL,
    CONSTRAINT ops_workerstatussnapshot_active_jobs_count_check CHECK ((active_jobs_count >= 0)),
    CONSTRAINT ops_workerstatussnapshot_failed_jobs_count_check CHECK ((failed_jobs_count >= 0)),
    CONSTRAINT ops_workerstatussnapshot_queued_jobs_count_check CHECK ((queued_jobs_count >= 0))
);


--
-- Name: ops_workerstatussnapshot_id_seq; Type: SEQUENCE; Schema: public; Owner: -
--

ALTER TABLE public.ops_workerstatussnapshot ALTER COLUMN id ADD GENERATED BY DEFAULT AS IDENTITY (
    SEQUENCE NAME public.ops_workerstatussnapshot_id_seq
    START WITH 1
    INCREMENT BY 1
    NO MINVALUE
    NO MAXVALUE
    CACHE 1
);


--
-- Name: reports_generatedreport; Type: TABLE; Schema: public; Owner: -
--

CREATE TABLE public.reports_generatedreport (
    id bigint NOT NULL,
    title character varying(180) NOT NULL,
    report_type character varying(32) NOT NULL,
    format character varying(16) NOT NULL,
    status character varying(16) NOT NULL,
    summary text NOT NULL,
    report_payload_json jsonb NOT NULL,
    rendered_html text NOT NULL,
    generated_file_path character varying(255) NOT NULL,
    created_at timestamp with time zone NOT NULL,
    updated_at timestamp with time zone NOT NULL,
    asset_id bigint,
    comparison_left_result_id bigint,
    comparison_right_result_id bigint,
    generated_by_id bigint,
    report_template_id bigint,
    source_execution_id bigint,
    source_result_id bigint
);


--
-- Name: reports_generatedreport_id_seq; Type: SEQUENCE; Schema: public; Owner: -
--

ALTER TABLE public.reports_generatedreport ALTER COLUMN id ADD GENERATED BY DEFAULT AS IDENTITY (
    SEQUENCE NAME public.reports_generatedreport_id_seq
    START WITH 1
    INCREMENT BY 1
    NO MINVALUE
    NO MAXVALUE
    CACHE 1
);


--
-- Name: reports_reporttemplate; Type: TABLE; Schema: public; Owner: -
--

CREATE TABLE public.reports_reporttemplate (
    id bigint NOT NULL,
    name character varying(120) NOT NULL,
    slug character varying(140) NOT NULL,
    description text NOT NULL,
    report_type character varying(32) NOT NULL,
    is_active boolean NOT NULL,
    is_system boolean NOT NULL,
    created_at timestamp with time zone NOT NULL,
    updated_at timestamp with time zone NOT NULL
);


--
-- Name: reports_reporttemplate_id_seq; Type: SEQUENCE; Schema: public; Owner: -
--

ALTER TABLE public.reports_reporttemplate ALTER COLUMN id ADD GENERATED BY DEFAULT AS IDENTITY (
    SEQUENCE NAME public.reports_reporttemplate_id_seq
    START WITH 1
    INCREMENT BY 1
    NO MINVALUE
    NO MAXVALUE
    CACHE 1
);


--
-- Name: scans_scaneventlog; Type: TABLE; Schema: public; Owner: -
--

CREATE TABLE public.scans_scaneventlog (
    id bigint NOT NULL,
    event_type character varying(64) NOT NULL,
    message text NOT NULL,
    created_at timestamp with time zone NOT NULL,
    metadata_json jsonb NOT NULL,
    execution_id bigint NOT NULL
);


--
-- Name: scans_scaneventlog_id_seq; Type: SEQUENCE; Schema: public; Owner: -
--

ALTER TABLE public.scans_scaneventlog ALTER COLUMN id ADD GENERATED BY DEFAULT AS IDENTITY (
    SEQUENCE NAME public.scans_scaneventlog_id_seq
    START WITH 1
    INCREMENT BY 1
    NO MINVALUE
    NO MAXVALUE
    CACHE 1
);


--
-- Name: scans_scanexecution; Type: TABLE; Schema: public; Owner: -
--

CREATE TABLE public.scans_scanexecution (
    id bigint NOT NULL,
    execution_id character varying(64) NOT NULL,
    status character varying(16) NOT NULL,
    queue_status character varying(16) NOT NULL,
    started_at timestamp with time zone,
    completed_at timestamp with time zone,
    updated_at timestamp with time zone NOT NULL,
    duration_seconds integer NOT NULL,
    worker_name character varying(120) NOT NULL,
    progress_percent smallint NOT NULL,
    current_stage character varying(120) NOT NULL,
    status_message text NOT NULL,
    is_archived boolean NOT NULL,
    priority smallint NOT NULL,
    created_at timestamp with time zone NOT NULL,
    scan_request_id bigint NOT NULL,
    CONSTRAINT scans_scanexecution_duration_seconds_check CHECK ((duration_seconds >= 0)),
    CONSTRAINT scans_scanexecution_priority_check CHECK ((priority >= 0)),
    CONSTRAINT scans_scanexecution_progress_percent_check CHECK ((progress_percent >= 0))
);


--
-- Name: scans_scanexecution_id_seq; Type: SEQUENCE; Schema: public; Owner: -
--

ALTER TABLE public.scans_scanexecution ALTER COLUMN id ADD GENERATED BY DEFAULT AS IDENTITY (
    SEQUENCE NAME public.scans_scanexecution_id_seq
    START WITH 1
    INCREMENT BY 1
    NO MINVALUE
    NO MAXVALUE
    CACHE 1
);


--
-- Name: scans_scanportresult; Type: TABLE; Schema: public; Owner: -
--

CREATE TABLE public.scans_scanportresult (
    id bigint NOT NULL,
    port integer NOT NULL,
    protocol character varying(16) NOT NULL,
    state character varying(32) NOT NULL,
    service_name character varying(120) NOT NULL,
    service_version character varying(255) NOT NULL,
    risk_level character varying(16) NOT NULL,
    extra_data_json jsonb NOT NULL,
    result_id bigint NOT NULL,
    CONSTRAINT scans_scanportresult_port_check CHECK ((port >= 0))
);


--
-- Name: scans_scanportresult_id_seq; Type: SEQUENCE; Schema: public; Owner: -
--

ALTER TABLE public.scans_scanportresult ALTER COLUMN id ADD GENERATED BY DEFAULT AS IDENTITY (
    SEQUENCE NAME public.scans_scanportresult_id_seq
    START WITH 1
    INCREMENT BY 1
    NO MINVALUE
    NO MAXVALUE
    CACHE 1
);


--
-- Name: scans_scanprofile; Type: TABLE; Schema: public; Owner: -
--

CREATE TABLE public.scans_scanprofile (
    id bigint NOT NULL,
    name character varying(120) NOT NULL,
    description text NOT NULL,
    scan_type character varying(32) NOT NULL,
    port_scope character varying(128) NOT NULL,
    enable_host_discovery boolean NOT NULL,
    enable_service_detection boolean NOT NULL,
    enable_version_detection boolean NOT NULL,
    enable_os_detection boolean NOT NULL,
    enable_traceroute boolean NOT NULL,
    enable_dns_resolution boolean NOT NULL,
    timing_profile character varying(16) NOT NULL,
    is_system boolean NOT NULL,
    is_active boolean NOT NULL,
    created_at timestamp with time zone NOT NULL,
    updated_at timestamp with time zone NOT NULL,
    created_by_id bigint
);


--
-- Name: scans_scanprofile_id_seq; Type: SEQUENCE; Schema: public; Owner: -
--

ALTER TABLE public.scans_scanprofile ALTER COLUMN id ADD GENERATED BY DEFAULT AS IDENTITY (
    SEQUENCE NAME public.scans_scanprofile_id_seq
    START WITH 1
    INCREMENT BY 1
    NO MINVALUE
    NO MAXVALUE
    CACHE 1
);


--
-- Name: scans_scanrequest; Type: TABLE; Schema: public; Owner: -
--

CREATE TABLE public.scans_scanrequest (
    id bigint NOT NULL,
    scan_type character varying(32) NOT NULL,
    port_input character varying(255) NOT NULL,
    enable_host_discovery boolean NOT NULL,
    enable_service_detection boolean NOT NULL,
    enable_version_detection boolean NOT NULL,
    enable_os_detection boolean NOT NULL,
    enable_traceroute boolean NOT NULL,
    enable_dns_resolution boolean NOT NULL,
    timing_profile character varying(16) NOT NULL,
    status character varying(16) NOT NULL,
    validation_summary text NOT NULL,
    notes text NOT NULL,
    requested_at timestamp with time zone NOT NULL,
    updated_at timestamp with time zone NOT NULL,
    profile_id bigint,
    requested_by_id bigint,
    target_id bigint NOT NULL
);


--
-- Name: scans_scanrequest_id_seq; Type: SEQUENCE; Schema: public; Owner: -
--

ALTER TABLE public.scans_scanrequest ALTER COLUMN id ADD GENERATED BY DEFAULT AS IDENTITY (
    SEQUENCE NAME public.scans_scanrequest_id_seq
    START WITH 1
    INCREMENT BY 1
    NO MINVALUE
    NO MAXVALUE
    CACHE 1
);


--
-- Name: scans_scanresult; Type: TABLE; Schema: public; Owner: -
--

CREATE TABLE public.scans_scanresult (
    id bigint NOT NULL,
    target_snapshot character varying(255) NOT NULL,
    host_status character varying(16) NOT NULL,
    total_open_ports integer NOT NULL,
    total_closed_ports integer NOT NULL,
    total_filtered_ports integer NOT NULL,
    total_services_detected integer NOT NULL,
    os_guess character varying(255) NOT NULL,
    raw_output_text text NOT NULL,
    raw_output_xml text NOT NULL,
    parsed_output_json jsonb NOT NULL,
    traceroute_data_json jsonb NOT NULL,
    script_output_json jsonb NOT NULL,
    result_summary jsonb NOT NULL,
    generated_at timestamp with time zone NOT NULL,
    updated_at timestamp with time zone NOT NULL,
    execution_id bigint NOT NULL,
    CONSTRAINT scans_scanresult_total_closed_ports_check CHECK ((total_closed_ports >= 0)),
    CONSTRAINT scans_scanresult_total_filtered_ports_check CHECK ((total_filtered_ports >= 0)),
    CONSTRAINT scans_scanresult_total_open_ports_check CHECK ((total_open_ports >= 0)),
    CONSTRAINT scans_scanresult_total_services_detected_check CHECK ((total_services_detected >= 0))
);


--
-- Name: scans_scanresult_id_seq; Type: SEQUENCE; Schema: public; Owner: -
--

ALTER TABLE public.scans_scanresult ALTER COLUMN id ADD GENERATED BY DEFAULT AS IDENTITY (
    SEQUENCE NAME public.scans_scanresult_id_seq
    START WITH 1
    INCREMENT BY 1
    NO MINVALUE
    NO MAXVALUE
    CACHE 1
);


--
-- Name: schedules_scanschedule; Type: TABLE; Schema: public; Owner: -
--

CREATE TABLE public.schedules_scanschedule (
    id bigint NOT NULL,
    name character varying(160) NOT NULL,
    scan_type character varying(32) NOT NULL,
    port_input character varying(255) NOT NULL,
    enable_host_discovery boolean NOT NULL,
    enable_service_detection boolean NOT NULL,
    enable_version_detection boolean NOT NULL,
    enable_os_detection boolean NOT NULL,
    enable_traceroute boolean NOT NULL,
    enable_dns_resolution boolean NOT NULL,
    timing_profile character varying(16) NOT NULL,
    schedule_type character varying(16) NOT NULL,
    recurrence_rule character varying(255) NOT NULL,
    start_at timestamp with time zone NOT NULL,
    end_at timestamp with time zone,
    next_run_at timestamp with time zone,
    last_run_at timestamp with time zone,
    is_enabled boolean NOT NULL,
    notification_enabled boolean NOT NULL,
    created_at timestamp with time zone NOT NULL,
    updated_at timestamp with time zone NOT NULL,
    created_by_id bigint,
    profile_id bigint,
    target_id bigint NOT NULL
);


--
-- Name: schedules_scanschedule_id_seq; Type: SEQUENCE; Schema: public; Owner: -
--

ALTER TABLE public.schedules_scanschedule ALTER COLUMN id ADD GENERATED BY DEFAULT AS IDENTITY (
    SEQUENCE NAME public.schedules_scanschedule_id_seq
    START WITH 1
    INCREMENT BY 1
    NO MINVALUE
    NO MAXVALUE
    CACHE 1
);


--
-- Name: schedules_schedulerunlog; Type: TABLE; Schema: public; Owner: -
--

CREATE TABLE public.schedules_schedulerunlog (
    id bigint NOT NULL,
    run_at timestamp with time zone NOT NULL,
    status character varying(16) NOT NULL,
    message text NOT NULL,
    created_at timestamp with time zone NOT NULL,
    execution_id bigint,
    generated_report_id bigint,
    schedule_id bigint NOT NULL
);


--
-- Name: schedules_schedulerunlog_id_seq; Type: SEQUENCE; Schema: public; Owner: -
--

ALTER TABLE public.schedules_schedulerunlog ALTER COLUMN id ADD GENERATED BY DEFAULT AS IDENTITY (
    SEQUENCE NAME public.schedules_schedulerunlog_id_seq
    START WITH 1
    INCREMENT BY 1
    NO MINVALUE
    NO MAXVALUE
    CACHE 1
);


--
-- Name: targets_target; Type: TABLE; Schema: public; Owner: -
--

CREATE TABLE public.targets_target (
    id bigint NOT NULL,
    name character varying(120) NOT NULL,
    target_value character varying(255) NOT NULL,
    normalized_value character varying(255) NOT NULL,
    target_type character varying(16) NOT NULL,
    notes text NOT NULL,
    tags character varying(255) NOT NULL,
    status character varying(16) NOT NULL,
    created_at timestamp with time zone NOT NULL,
    updated_at timestamp with time zone NOT NULL,
    created_by_id bigint,
    owner_id bigint
);


--
-- Name: targets_target_id_seq; Type: SEQUENCE; Schema: public; Owner: -
--

ALTER TABLE public.targets_target ALTER COLUMN id ADD GENERATED BY DEFAULT AS IDENTITY (
    SEQUENCE NAME public.targets_target_id_seq
    START WITH 1
    INCREMENT BY 1
    NO MINVALUE
    NO MAXVALUE
    CACHE 1
);


--
-- Name: tbl_user; Type: TABLE; Schema: public; Owner: -
--

CREATE TABLE public.tbl_user (
    id bigint NOT NULL,
    password character varying(128) NOT NULL,
    last_login timestamp with time zone,
    is_superuser boolean NOT NULL,
    username character varying(150) NOT NULL,
    first_name character varying(150) NOT NULL,
    last_name character varying(150) NOT NULL,
    is_staff boolean NOT NULL,
    is_active boolean NOT NULL,
    date_joined timestamp with time zone NOT NULL,
    email character varying(254) NOT NULL COLLATE pg_catalog."und-x-icu",
    is_administrator boolean NOT NULL,
    is_operator boolean NOT NULL
);


--
-- Name: tbl_user_groups; Type: TABLE; Schema: public; Owner: -
--

CREATE TABLE public.tbl_user_groups (
    id bigint NOT NULL,
    user_id bigint NOT NULL,
    group_id integer NOT NULL
);


--
-- Name: tbl_user_groups_id_seq; Type: SEQUENCE; Schema: public; Owner: -
--

ALTER TABLE public.tbl_user_groups ALTER COLUMN id ADD GENERATED BY DEFAULT AS IDENTITY (
    SEQUENCE NAME public.tbl_user_groups_id_seq
    START WITH 1
    INCREMENT BY 1
    NO MINVALUE
    NO MAXVALUE
    CACHE 1
);


--
-- Name: tbl_user_id_seq; Type: SEQUENCE; Schema: public; Owner: -
--

ALTER TABLE public.tbl_user ALTER COLUMN id ADD GENERATED BY DEFAULT AS IDENTITY (
    SEQUENCE NAME public.tbl_user_id_seq
    START WITH 1
    INCREMENT BY 1
    NO MINVALUE
    NO MAXVALUE
    CACHE 1
);


--
-- Name: tbl_user_user_permissions; Type: TABLE; Schema: public; Owner: -
--

CREATE TABLE public.tbl_user_user_permissions (
    id bigint NOT NULL,
    user_id bigint NOT NULL,
    permission_id integer NOT NULL
);


--
-- Name: tbl_user_user_permissions_id_seq; Type: SEQUENCE; Schema: public; Owner: -
--

ALTER TABLE public.tbl_user_user_permissions ALTER COLUMN id ADD GENERATED BY DEFAULT AS IDENTITY (
    SEQUENCE NAME public.tbl_user_user_permissions_id_seq
    START WITH 1
    INCREMENT BY 1
    NO MINVALUE
    NO MAXVALUE
    CACHE 1
);


--
-- Data for Name: assets_asset; Type: TABLE DATA; Schema: public; Owner: -
--

COPY public.assets_asset (id, name, hostname, ip_address, canonical_identifier, operating_system, risk_score, risk_level, owner_name, notes, last_seen_at, last_scanned_at, status, current_open_ports_count, created_at, updated_at, target_id) FROM stdin;
1	Core Gateway	Core Gateway	10.10.10.10	10.10.10.10	FreeBSD 13	69.00	high	phase2tester		2026-04-15 13:02:43.830395+00	2026-04-15 13:02:43.830395+00	active	7	2026-04-15 13:39:38.96674+00	2026-04-15 13:44:14.15707+00	1
2	web-01.internal	web-01.internal	10.10.1.5	seed-asset-web-01.internal	Ubuntu Linux 22.04	62.50	medium	WebOps Team	Seeded demo asset for WebOps Team.	2026-04-15 17:41:15.741367+00	2026-04-15 15:53:15.741367+00	monitoring	5	2026-04-15 17:52:11.315871+00	2026-04-15 17:53:16.394397+00	2
3	db-01.internal	db-01.internal	172.16.10.25	seed-asset-db-01.internal	Debian GNU/Linux 12	81.20	high	Data Platform	Seeded demo asset for Data Platform.	2026-04-15 17:41:15.741367+00	2026-04-15 15:53:15.741367+00	active	3	2026-04-15 17:52:11.31703+00	2026-04-15 17:53:16.395767+00	8
4	fileserver-01.internal	fileserver-01.internal	172.16.11.30	seed-asset-fileserver-01.internal	Windows Server 2019	72.40	medium	IT Operations	Seeded demo asset for IT Operations.	2026-04-15 17:41:15.741367+00	2026-04-15 15:53:15.741367+00	active	4	2026-04-15 17:52:11.317835+00	2026-04-15 17:53:16.396354+00	9
5	gateway-01.internal	gateway-01.internal	10.10.5.20	seed-asset-gateway-01.internal	Alpine Linux	88.10	high	Network Security	Seeded demo asset for Network Security.	2026-04-15 17:41:15.741367+00	2026-04-15 15:53:15.741367+00	monitoring	2	2026-04-15 17:52:11.318313+00	2026-04-15 17:53:16.396833+00	11
6	monitor-01.internal	monitor-01.internal	10.10.20.9	seed-asset-monitor-01.internal	Ubuntu Linux 20.04	41.80	low	Observability Team	Seeded demo asset for Observability Team.	2026-04-15 17:41:15.741367+00	2026-04-15 15:53:15.741367+00	monitoring	3	2026-04-15 17:52:11.318765+00	2026-04-15 17:53:16.39729+00	10
7	backup-01.internal	backup-01.internal	192.168.10.42	seed-asset-backup-01.internal	Rocky Linux 9	56.70	medium	Backup Team	Seeded demo asset for Backup Team.	2026-04-15 17:41:15.741367+00	2026-04-15 15:53:15.741367+00	active	2	2026-04-15 17:52:11.319221+00	2026-04-15 17:53:16.397738+00	12
\.


--
-- Data for Name: assets_assetchangelog; Type: TABLE DATA; Schema: public; Owner: -
--

COPY public.assets_assetchangelog (id, change_type, summary, diff_json, created_at, asset_id, current_snapshot_id, previous_snapshot_id) FROM stdin;
1	asset_created	Asset created from first available scan snapshot.	{"initial_ports": [{"port": 22, "state": "open", "protocol": "tcp", "risk_level": "low", "service_name": "ssh", "service_version": "OpenSSH 8.2p1"}, {"port": 53, "state": "open", "protocol": "udp", "risk_level": "info", "service_name": "domain", "service_version": "BIND 9.16"}, {"port": 123, "state": "open", "protocol": "udp", "risk_level": "info", "service_name": "ntp", "service_version": "NTP daemon"}, {"port": 443, "state": "open", "protocol": "tcp", "risk_level": "low", "service_name": "https", "service_version": "nginx 1.20.1"}, {"port": 3389, "state": "open", "protocol": "tcp", "risk_level": "high", "service_name": "ms-wbt-server", "service_version": "RDP Service"}, {"port": 5432, "state": "open", "protocol": "tcp", "risk_level": "medium", "service_name": "postgresql", "service_version": "PostgreSQL 14"}, {"port": 8080, "state": "open", "protocol": "tcp", "risk_level": "medium", "service_name": "http-proxy", "service_version": "Squid 4.10"}, {"port": 8443, "state": "open", "protocol": "tcp", "risk_level": "medium", "service_name": "https-alt", "service_version": "Jetty 9"}]}	2026-04-15 13:39:38.969386+00	1	1	\N
2	ports_added	2 new open ports detected.	{"ports_added": [{"port": 80, "state": "open", "protocol": "tcp", "risk_level": "low", "service_name": "http", "service_version": "nginx 1.18.0"}, {"port": 3306, "state": "open", "protocol": "tcp", "risk_level": "high", "service_name": "mysql", "service_version": "MySQL 8.0.28"}]}	2026-04-15 13:39:38.974552+00	1	2	1
3	ports_removed	3 previously open ports are now removed/closed.	{"ports_removed": [{"port": 53, "state": "open", "protocol": "udp", "risk_level": "info", "service_name": "domain", "service_version": "BIND 9.16"}, {"port": 443, "state": "open", "protocol": "tcp", "risk_level": "low", "service_name": "https", "service_version": "nginx 1.20.1"}, {"port": 8443, "state": "open", "protocol": "tcp", "risk_level": "medium", "service_name": "https-alt", "service_version": "Jetty 9"}]}	2026-04-15 13:39:38.97473+00	1	2	1
4	os_changed	Operating system changed: Ubuntu 22.04 -> FreeBSD 13	{"to": "FreeBSD 13", "from": "Ubuntu 22.04"}	2026-04-15 13:39:38.974865+00	1	2	1
5	ports_added	3 new open ports detected.	{"ports_added": [{"port": 53, "state": "open", "protocol": "udp", "risk_level": "info", "service_name": "domain", "service_version": "BIND 9.16"}, {"port": 443, "state": "open", "protocol": "tcp", "risk_level": "low", "service_name": "https", "service_version": "nginx 1.20.1"}, {"port": 8443, "state": "open", "protocol": "tcp", "risk_level": "medium", "service_name": "https-alt", "service_version": "Jetty 9"}]}	2026-04-15 13:44:14.152006+00	1	3	2
6	ports_removed	2 previously open ports are now removed/closed.	{"ports_removed": [{"port": 80, "state": "open", "protocol": "tcp", "risk_level": "low", "service_name": "http", "service_version": "nginx 1.18.0"}, {"port": 3306, "state": "open", "protocol": "tcp", "risk_level": "high", "service_name": "mysql", "service_version": "MySQL 8.0.28"}]}	2026-04-15 13:44:14.152501+00	1	3	2
7	os_changed	Operating system changed: FreeBSD 13 -> Ubuntu 22.04	{"to": "Ubuntu 22.04", "from": "FreeBSD 13"}	2026-04-15 13:44:14.15285+00	1	3	2
8	ports_added	2 new open ports detected.	{"ports_added": [{"port": 80, "state": "open", "protocol": "tcp", "risk_level": "low", "service_name": "http", "service_version": "nginx 1.18.0"}, {"port": 3306, "state": "open", "protocol": "tcp", "risk_level": "high", "service_name": "mysql", "service_version": "MySQL 8.0.28"}]}	2026-04-15 13:44:14.159805+00	1	4	3
9	ports_removed	3 previously open ports are now removed/closed.	{"ports_removed": [{"port": 53, "state": "open", "protocol": "udp", "risk_level": "info", "service_name": "domain", "service_version": "BIND 9.16"}, {"port": 443, "state": "open", "protocol": "tcp", "risk_level": "low", "service_name": "https", "service_version": "nginx 1.20.1"}, {"port": 8443, "state": "open", "protocol": "tcp", "risk_level": "medium", "service_name": "https-alt", "service_version": "Jetty 9"}]}	2026-04-15 13:44:14.160351+00	1	4	3
10	os_changed	Operating system changed: Ubuntu 22.04 -> FreeBSD 13	{"to": "FreeBSD 13", "from": "Ubuntu 22.04"}	2026-04-15 13:44:14.160857+00	1	4	3
11	ports_added	New port opened: 8443/tcp detected on web-01.internal.	{"added_ports": [8443], "removed_ports": []}	2026-04-15 17:43:15.741367+00	2	6	5
12	service_changed	Database service version changed on db-01.internal (MySQL hidden, PostgreSQL retained).	{"service_changes": [{"port": 3306, "change": "removed"}, {"port": 5432, "change": "updated"}]}	2026-04-15 17:43:15.741367+00	3	8	7
13	os_changed	OS fingerprint changed on gateway-01.internal after patch cycle.	{"to": "Alpine Linux 3.19", "from": "Alpine Linux 3.18"}	2026-04-15 17:43:15.741367+00	5	10	10
14	ports_removed	Port 3000/tcp service removed from monitor-01.internal.	{"removed_ports": [3000]}	2026-04-15 17:43:15.741367+00	6	11	11
\.


--
-- Data for Name: assets_assetsnapshot; Type: TABLE DATA; Schema: public; Owner: -
--

COPY public.assets_assetsnapshot (id, hostname, ip_address, operating_system, open_ports_json, services_json, raw_summary_json, created_at, asset_id, source_result_id) FROM stdin;
1	Core Gateway	10.10.10.10	Ubuntu 22.04	[{"port": 22, "state": "open", "protocol": "tcp", "risk_level": "low", "service_name": "ssh", "service_version": "OpenSSH 8.2p1"}, {"port": 53, "state": "open", "protocol": "udp", "risk_level": "info", "service_name": "domain", "service_version": "BIND 9.16"}, {"port": 123, "state": "open", "protocol": "udp", "risk_level": "info", "service_name": "ntp", "service_version": "NTP daemon"}, {"port": 443, "state": "open", "protocol": "tcp", "risk_level": "low", "service_name": "https", "service_version": "nginx 1.20.1"}, {"port": 3389, "state": "open", "protocol": "tcp", "risk_level": "high", "service_name": "ms-wbt-server", "service_version": "RDP Service"}, {"port": 5432, "state": "open", "protocol": "tcp", "risk_level": "medium", "service_name": "postgresql", "service_version": "PostgreSQL 14"}, {"port": 8080, "state": "open", "protocol": "tcp", "risk_level": "medium", "service_name": "http-proxy", "service_version": "Squid 4.10"}, {"port": 8443, "state": "open", "protocol": "tcp", "risk_level": "medium", "service_name": "https-alt", "service_version": "Jetty 9"}]	[{"ports": [53], "service_name": "domain", "service_version": "BIND 9.16"}, {"ports": [8080], "service_name": "http-proxy", "service_version": "Squid 4.10"}, {"ports": [443], "service_name": "https", "service_version": "nginx 1.20.1"}, {"ports": [8443], "service_name": "https-alt", "service_version": "Jetty 9"}, {"ports": [3389], "service_name": "ms-wbt-server", "service_version": "RDP Service"}, {"ports": [123], "service_name": "ntp", "service_version": "NTP daemon"}, {"ports": [5432], "service_name": "postgresql", "service_version": "PostgreSQL 14"}, {"ports": [22], "service_name": "ssh", "service_version": "OpenSSH 8.2p1"}]	{"os_guess": "Ubuntu 22.04", "services": 8, "open_ports": 8, "risk_level": "high", "risk_score": 60.0, "closed_ports": 980, "filtered_ports": 12}	2026-04-15 13:39:38.968024+00	1	2
2	Core Gateway	10.10.10.10	FreeBSD 13	[{"port": 22, "state": "open", "protocol": "tcp", "risk_level": "low", "service_name": "ssh", "service_version": "OpenSSH 8.2p1"}, {"port": 80, "state": "open", "protocol": "tcp", "risk_level": "low", "service_name": "http", "service_version": "nginx 1.18.0"}, {"port": 123, "state": "open", "protocol": "udp", "risk_level": "info", "service_name": "ntp", "service_version": "NTP daemon"}, {"port": 3306, "state": "open", "protocol": "tcp", "risk_level": "high", "service_name": "mysql", "service_version": "MySQL 8.0.28"}, {"port": 3389, "state": "open", "protocol": "tcp", "risk_level": "high", "service_name": "ms-wbt-server", "service_version": "RDP Service"}, {"port": 5432, "state": "open", "protocol": "tcp", "risk_level": "medium", "service_name": "postgresql", "service_version": "PostgreSQL 14"}, {"port": 8080, "state": "open", "protocol": "tcp", "risk_level": "medium", "service_name": "http-proxy", "service_version": "Squid 4.10"}]	[{"ports": [80], "service_name": "http", "service_version": "nginx 1.18.0"}, {"ports": [8080], "service_name": "http-proxy", "service_version": "Squid 4.10"}, {"ports": [3389], "service_name": "ms-wbt-server", "service_version": "RDP Service"}, {"ports": [3306], "service_name": "mysql", "service_version": "MySQL 8.0.28"}, {"ports": [123], "service_name": "ntp", "service_version": "NTP daemon"}, {"ports": [5432], "service_name": "postgresql", "service_version": "PostgreSQL 14"}, {"ports": [22], "service_name": "ssh", "service_version": "OpenSSH 8.2p1"}]	{"os_guess": "FreeBSD 13", "services": 7, "open_ports": 7, "risk_level": "high", "risk_score": 69.0, "closed_ports": 969, "filtered_ports": 24}	2026-04-15 13:39:38.973889+00	1	1
3	Core Gateway	10.10.10.10	Ubuntu 22.04	[{"port": 22, "state": "open", "protocol": "tcp", "risk_level": "low", "service_name": "ssh", "service_version": "OpenSSH 8.2p1"}, {"port": 53, "state": "open", "protocol": "udp", "risk_level": "info", "service_name": "domain", "service_version": "BIND 9.16"}, {"port": 123, "state": "open", "protocol": "udp", "risk_level": "info", "service_name": "ntp", "service_version": "NTP daemon"}, {"port": 443, "state": "open", "protocol": "tcp", "risk_level": "low", "service_name": "https", "service_version": "nginx 1.20.1"}, {"port": 3389, "state": "open", "protocol": "tcp", "risk_level": "high", "service_name": "ms-wbt-server", "service_version": "RDP Service"}, {"port": 5432, "state": "open", "protocol": "tcp", "risk_level": "medium", "service_name": "postgresql", "service_version": "PostgreSQL 14"}, {"port": 8080, "state": "open", "protocol": "tcp", "risk_level": "medium", "service_name": "http-proxy", "service_version": "Squid 4.10"}, {"port": 8443, "state": "open", "protocol": "tcp", "risk_level": "medium", "service_name": "https-alt", "service_version": "Jetty 9"}]	[{"ports": [53], "service_name": "domain", "service_version": "BIND 9.16"}, {"ports": [8080], "service_name": "http-proxy", "service_version": "Squid 4.10"}, {"ports": [443], "service_name": "https", "service_version": "nginx 1.20.1"}, {"ports": [8443], "service_name": "https-alt", "service_version": "Jetty 9"}, {"ports": [3389], "service_name": "ms-wbt-server", "service_version": "RDP Service"}, {"ports": [123], "service_name": "ntp", "service_version": "NTP daemon"}, {"ports": [5432], "service_name": "postgresql", "service_version": "PostgreSQL 14"}, {"ports": [22], "service_name": "ssh", "service_version": "OpenSSH 8.2p1"}]	{"os_guess": "Ubuntu 22.04", "services": 8, "open_ports": 8, "risk_level": "high", "risk_score": 60.0, "closed_ports": 980, "filtered_ports": 12}	2026-04-15 13:44:14.150717+00	1	2
4	Core Gateway	10.10.10.10	FreeBSD 13	[{"port": 22, "state": "open", "protocol": "tcp", "risk_level": "low", "service_name": "ssh", "service_version": "OpenSSH 8.2p1"}, {"port": 80, "state": "open", "protocol": "tcp", "risk_level": "low", "service_name": "http", "service_version": "nginx 1.18.0"}, {"port": 123, "state": "open", "protocol": "udp", "risk_level": "info", "service_name": "ntp", "service_version": "NTP daemon"}, {"port": 3306, "state": "open", "protocol": "tcp", "risk_level": "high", "service_name": "mysql", "service_version": "MySQL 8.0.28"}, {"port": 3389, "state": "open", "protocol": "tcp", "risk_level": "high", "service_name": "ms-wbt-server", "service_version": "RDP Service"}, {"port": 5432, "state": "open", "protocol": "tcp", "risk_level": "medium", "service_name": "postgresql", "service_version": "PostgreSQL 14"}, {"port": 8080, "state": "open", "protocol": "tcp", "risk_level": "medium", "service_name": "http-proxy", "service_version": "Squid 4.10"}]	[{"ports": [80], "service_name": "http", "service_version": "nginx 1.18.0"}, {"ports": [8080], "service_name": "http-proxy", "service_version": "Squid 4.10"}, {"ports": [3389], "service_name": "ms-wbt-server", "service_version": "RDP Service"}, {"ports": [3306], "service_name": "mysql", "service_version": "MySQL 8.0.28"}, {"ports": [123], "service_name": "ntp", "service_version": "NTP daemon"}, {"ports": [5432], "service_name": "postgresql", "service_version": "PostgreSQL 14"}, {"ports": [22], "service_name": "ssh", "service_version": "OpenSSH 8.2p1"}]	{"os_guess": "FreeBSD 13", "services": 7, "open_ports": 7, "risk_level": "high", "risk_score": 69.0, "closed_ports": 969, "filtered_ports": 24}	2026-04-15 13:44:14.158433+00	1	1
5	web-01.internal	10.10.1.5	Ubuntu Linux 22.04	[22, 80, 443, 3306, 8080]	[{"port": 22, "service": "unknown"}, {"port": 80, "service": "unknown"}, {"port": 443, "service": "unknown"}, {"port": 3306, "service": "unknown"}, {"port": 8080, "service": "unknown"}]	{"seed_ref": "asset_snapshot:web-01-a", "open_ports_count": 5}	2026-04-15 17:23:15.741367+00	2	3
6	web-01.internal	10.10.1.5	Ubuntu Linux 22.04	[22, 80, 443, 8080, 8443]	[{"port": 22, "service": "unknown"}, {"port": 80, "service": "unknown"}, {"port": 443, "service": "unknown"}, {"port": 8080, "service": "unknown"}, {"port": 8443, "service": "unknown"}]	{"seed_ref": "asset_snapshot:web-01-b", "open_ports_count": 5}	2026-04-15 17:23:15.741367+00	2	4
7	db-01.internal	172.16.10.25	Debian GNU/Linux 12	[3306, 5432, 6379]	[{"port": 3306, "service": "unknown"}, {"port": 5432, "service": "unknown"}, {"port": 6379, "service": "unknown"}]	{"seed_ref": "asset_snapshot:db-01-a", "open_ports_count": 3}	2026-04-15 17:23:15.741367+00	3	5
8	db-01.internal	172.16.10.25	Debian GNU/Linux 12	[5432, 6379]	[{"port": 5432, "service": "unknown"}, {"port": 6379, "service": "unknown"}]	{"seed_ref": "asset_snapshot:db-01-b", "open_ports_count": 2}	2026-04-15 17:23:15.741367+00	3	6
9	fileserver-01.internal	172.16.11.30	Windows Server 2019	[445, 139, 3389, 5985]	[{"port": 445, "service": "unknown"}, {"port": 139, "service": "unknown"}, {"port": 3389, "service": "unknown"}, {"port": 5985, "service": "unknown"}]	{"seed_ref": "asset_snapshot:fileserver-01", "open_ports_count": 4}	2026-04-15 17:23:15.741367+00	4	3
10	gateway-01.internal	10.10.5.20	Alpine Linux	[443, 8443]	[{"port": 443, "service": "unknown"}, {"port": 8443, "service": "unknown"}]	{"seed_ref": "asset_snapshot:gateway-01", "open_ports_count": 2}	2026-04-15 17:23:15.741367+00	5	5
11	monitor-01.internal	10.10.20.9	Ubuntu Linux 20.04	[22, 9090, 9100]	[{"port": 22, "service": "unknown"}, {"port": 9090, "service": "unknown"}, {"port": 9100, "service": "unknown"}]	{"seed_ref": "asset_snapshot:monitor-01", "open_ports_count": 3}	2026-04-15 17:23:15.741367+00	6	4
12	backup-01.internal	192.168.10.42	Rocky Linux 9	[22, 873]	[{"port": 22, "service": "unknown"}, {"port": 873, "service": "unknown"}]	{"seed_ref": "asset_snapshot:backup-01", "open_ports_count": 2}	2026-04-15 17:23:15.741367+00	7	6
\.


--
-- Data for Name: auth_group; Type: TABLE DATA; Schema: public; Owner: -
--

COPY public.auth_group (id, name) FROM stdin;
1	Super Admin
2	Security Admin
3	Analyst
4	Operator
5	Viewer
\.


--
-- Data for Name: auth_group_permissions; Type: TABLE DATA; Schema: public; Owner: -
--

COPY public.auth_group_permissions (id, group_id, permission_id) FROM stdin;
\.


--
-- Data for Name: auth_permission; Type: TABLE DATA; Schema: public; Owner: -
--

COPY public.auth_permission (id, name, content_type_id, codename) FROM stdin;
1	Can add log entry	1	add_logentry
2	Can change log entry	1	change_logentry
3	Can delete log entry	1	delete_logentry
4	Can view log entry	1	view_logentry
5	Can add permission	2	add_permission
6	Can change permission	2	change_permission
7	Can delete permission	2	delete_permission
8	Can view permission	2	view_permission
9	Can add group	3	add_group
10	Can change group	3	change_group
11	Can delete group	3	delete_group
12	Can view group	3	view_group
13	Can add content type	4	add_contenttype
14	Can change content type	4	change_contenttype
15	Can delete content type	4	delete_contenttype
16	Can view content type	4	view_contenttype
17	Can add session	5	add_session
18	Can change session	5	change_session
19	Can delete session	5	delete_session
20	Can view session	5	view_session
21	Can add User	6	add_user
22	Can change User	6	change_user
23	Can delete User	6	delete_user
24	Can view User	6	view_user
25	Can add User Logs	7	add_userlogs
26	Can change User Logs	7	change_userlogs
27	Can delete User Logs	7	delete_userlogs
28	Can view User Logs	7	view_userlogs
29	Can add access attempt	8	add_accessattempt
30	Can change access attempt	8	change_accessattempt
31	Can delete access attempt	8	delete_accessattempt
32	Can view access attempt	8	view_accessattempt
33	Can add access log	9	add_accesslog
34	Can change access log	9	change_accesslog
35	Can delete access log	9	delete_accesslog
36	Can view access log	9	view_accesslog
37	Can add access failure	10	add_accessfailurelog
38	Can change access failure	10	change_accessfailurelog
39	Can delete access failure	10	delete_accessfailurelog
40	Can view access failure	10	view_accessfailurelog
41	Can add target	11	add_target
42	Can change target	11	change_target
43	Can delete target	11	delete_target
44	Can view target	11	view_target
45	Can add scan profile	12	add_scanprofile
46	Can change scan profile	12	change_scanprofile
47	Can delete scan profile	12	delete_scanprofile
48	Can view scan profile	12	view_scanprofile
49	Can add scan request	13	add_scanrequest
50	Can change scan request	13	change_scanrequest
51	Can delete scan request	13	delete_scanrequest
52	Can view scan request	13	view_scanrequest
53	Can add scan execution	14	add_scanexecution
54	Can change scan execution	14	change_scanexecution
55	Can delete scan execution	14	delete_scanexecution
56	Can view scan execution	14	view_scanexecution
57	Can add scan result	15	add_scanresult
58	Can change scan result	15	change_scanresult
59	Can delete scan result	15	delete_scanresult
60	Can view scan result	15	view_scanresult
61	Can add scan port result	16	add_scanportresult
62	Can change scan port result	16	change_scanportresult
63	Can delete scan port result	16	delete_scanportresult
64	Can view scan port result	16	view_scanportresult
65	Can add scan event log	17	add_scaneventlog
66	Can change scan event log	17	change_scaneventlog
67	Can delete scan event log	17	delete_scaneventlog
68	Can view scan event log	17	view_scaneventlog
69	Can add report template	18	add_reporttemplate
70	Can change report template	18	change_reporttemplate
71	Can delete report template	18	delete_reporttemplate
72	Can view report template	18	view_reporttemplate
73	Can add generated report	19	add_generatedreport
74	Can change generated report	19	change_generatedreport
75	Can delete generated report	19	delete_generatedreport
76	Can view generated report	19	view_generatedreport
77	Can add scan schedule	20	add_scanschedule
78	Can change scan schedule	20	change_scanschedule
79	Can delete scan schedule	20	delete_scanschedule
80	Can view scan schedule	20	view_scanschedule
81	Can add schedule run log	21	add_schedulerunlog
82	Can change schedule run log	21	change_schedulerunlog
83	Can delete schedule run log	21	delete_schedulerunlog
84	Can view schedule run log	21	view_schedulerunlog
85	Can add notification	22	add_notification
86	Can change notification	22	change_notification
87	Can delete notification	22	delete_notification
88	Can view notification	22	view_notification
89	Can add asset	23	add_asset
90	Can change asset	23	change_asset
91	Can delete asset	23	delete_asset
92	Can view asset	23	view_asset
93	Can add asset snapshot	24	add_assetsnapshot
94	Can change asset snapshot	24	change_assetsnapshot
95	Can delete asset snapshot	24	delete_assetsnapshot
96	Can view asset snapshot	24	view_assetsnapshot
97	Can add asset change log	25	add_assetchangelog
98	Can change asset change log	25	change_assetchangelog
99	Can delete asset change log	25	delete_assetchangelog
100	Can view asset change log	25	view_assetchangelog
101	Can add role	26	add_role
102	Can change role	26	change_role
103	Can delete role	26	delete_role
104	Can view role	26	view_role
105	Can add worker status snapshot	27	add_workerstatussnapshot
106	Can change worker status snapshot	27	change_workerstatussnapshot
107	Can delete worker status snapshot	27	delete_workerstatussnapshot
108	Can view worker status snapshot	27	view_workerstatussnapshot
109	Can add user profile	28	add_userprofile
110	Can change user profile	28	change_userprofile
111	Can delete user profile	28	delete_userprofile
112	Can view user profile	28	view_userprofile
113	Can add system health snapshot	29	add_systemhealthsnapshot
114	Can change system health snapshot	29	change_systemhealthsnapshot
115	Can delete system health snapshot	29	delete_systemhealthsnapshot
116	Can view system health snapshot	29	view_systemhealthsnapshot
117	Can add permission rule	30	add_permissionrule
118	Can change permission rule	30	change_permissionrule
119	Can delete permission rule	30	delete_permissionrule
120	Can view permission rule	30	view_permissionrule
121	Can add app setting	31	add_appsetting
122	Can change app setting	31	change_appsetting
123	Can delete app setting	31	delete_appsetting
124	Can view app setting	31	view_appsetting
125	Can add admin audit log	32	add_adminauditlog
126	Can change admin audit log	32	change_adminauditlog
127	Can delete admin audit log	32	delete_adminauditlog
128	Can view admin audit log	32	view_adminauditlog
\.


--
-- Data for Name: axes_accessattempt; Type: TABLE DATA; Schema: public; Owner: -
--

COPY public.axes_accessattempt (id, user_agent, ip_address, username, http_accept, path_info, attempt_time, get_data, post_data, failures_since_start) FROM stdin;
\.


--
-- Data for Name: axes_accessfailurelog; Type: TABLE DATA; Schema: public; Owner: -
--

COPY public.axes_accessfailurelog (id, user_agent, ip_address, username, http_accept, path_info, attempt_time, locked_out) FROM stdin;
\.


--
-- Data for Name: axes_accesslog; Type: TABLE DATA; Schema: public; Owner: -
--

COPY public.axes_accesslog (id, user_agent, ip_address, username, http_accept, path_info, attempt_time, logout_time) FROM stdin;
1	<unknown>	\N	phase2tester	<unknown>	<unknown>	2026-04-15 13:02:43.841075+00	\N
2	<unknown>	127.0.0.1	phase2tester	<unknown>	/login/	2026-04-15 13:03:14.373828+00	\N
3	<unknown>	\N	phase2tester	<unknown>	<unknown>	2026-04-15 13:03:39.044158+00	\N
4	<unknown>	\N	phase2tester	<unknown>	<unknown>	2026-04-15 13:03:50.793709+00	\N
5	<unknown>	\N	phase2tester	<unknown>	<unknown>	2026-04-15 13:04:43.120476+00	\N
6	<unknown>	\N	phase4_tester	<unknown>	<unknown>	2026-04-15 13:40:21.642067+00	\N
7	<unknown>	\N	jaki	<unknown>	<unknown>	2026-04-15 13:40:33.256737+00	2026-04-15 13:50:55.317137+00
8	<unknown>	\N	jaki	<unknown>	<unknown>	2026-04-15 13:40:46.759896+00	2026-04-15 13:50:55.317137+00
9	<unknown>	\N	jaki	<unknown>	<unknown>	2026-04-15 13:41:26.186552+00	2026-04-15 13:50:55.317137+00
10	<unknown>	\N	jaki	<unknown>	<unknown>	2026-04-15 13:42:16.974188+00	2026-04-15 13:50:55.317137+00
11	<unknown>	\N	jaki	<unknown>	<unknown>	2026-04-15 13:42:28.552573+00	2026-04-15 13:50:55.317137+00
12	<unknown>	\N	jaki	<unknown>	<unknown>	2026-04-15 13:42:38.587685+00	2026-04-15 13:50:55.317137+00
13	<unknown>	\N	jaki	<unknown>	<unknown>	2026-04-15 13:43:39.032586+00	2026-04-15 13:50:55.317137+00
14	<unknown>	\N	jaki	<unknown>	<unknown>	2026-04-15 13:44:14.027368+00	2026-04-15 13:50:55.317137+00
15	Mozilla/5.0 (X11; Linux x86_64) AppleWebKit/537.36 (KHTML, like Gecko) Chrome/147.0.0.0 Safari/537.36	127.0.0.1	jaki	text/html,application/xhtml+xml,application/xml;q=0.9,image/avif,image/webp,image/apng,*/*;q=0.8,application/signed-exchange;v=b3;q=0.7	/login/	2026-04-15 13:49:53.529105+00	2026-04-15 13:50:55.317137+00
16	<unknown>	\N	ops_admin	<unknown>	<unknown>	2026-04-15 17:32:29.295471+00	\N
17	<unknown>	\N	ops_admin	<unknown>	<unknown>	2026-04-15 17:33:32.602465+00	\N
18	<unknown>	\N	ops_admin	<unknown>	<unknown>	2026-04-15 17:33:46.81171+00	\N
19	<unknown>	\N	ops_admin	<unknown>	<unknown>	2026-04-15 17:34:23.470447+00	\N
20	Mozilla/5.0 (X11; Linux x86_64) AppleWebKit/537.36 (KHTML, like Gecko) Chrome/147.0.0.0 Safari/537.36	127.0.0.1	securityadmin	text/html,application/xhtml+xml,application/xml;q=0.9,image/avif,image/webp,image/apng,*/*;q=0.8,application/signed-exchange;v=b3;q=0.7	/login/	2026-04-15 18:21:23.742419+00	2026-04-15 18:21:54.750569+00
21	<unknown>	\N	superadmin	<unknown>	<unknown>	2026-04-15 18:32:50.10169+00	2026-04-15 19:07:38.408161+00
22	<unknown>	\N	superadmin	<unknown>	<unknown>	2026-04-15 18:33:03.828581+00	2026-04-15 19:07:38.408161+00
23	<unknown>	\N	superadmin	<unknown>	<unknown>	2026-04-15 18:33:12.427506+00	2026-04-15 19:07:38.408161+00
24	<unknown>	\N	superadmin	<unknown>	<unknown>	2026-04-15 18:38:16.044655+00	2026-04-15 19:07:38.408161+00
25	Mozilla/5.0 (X11; Linux x86_64) AppleWebKit/537.36 (KHTML, like Gecko) Chrome/147.0.0.0 Safari/537.36	127.0.0.1	superadmin	text/html,application/xhtml+xml,application/xml;q=0.9,image/avif,image/webp,image/apng,*/*;q=0.8,application/signed-exchange;v=b3;q=0.7	/login/	2026-04-15 18:45:00.450614+00	2026-04-15 19:07:38.408161+00
26	Mozilla/5.0 (X11; Linux x86_64) AppleWebKit/537.36 (KHTML, like Gecko) Chrome/147.0.0.0 Safari/537.36	127.0.0.1	jaki	text/html,application/xhtml+xml,application/xml;q=0.9,image/avif,image/webp,image/apng,*/*;q=0.8,application/signed-exchange;v=b3;q=0.7	/login/	2026-04-15 19:07:43.474298+00	2026-04-15 19:07:54.372902+00
27	Mozilla/5.0 (X11; Linux x86_64) AppleWebKit/537.36 (KHTML, like Gecko) Chrome/147.0.0.0 Safari/537.36	127.0.0.1	viewer1	text/html,application/xhtml+xml,application/xml;q=0.9,image/avif,image/webp,image/apng,*/*;q=0.8,application/signed-exchange;v=b3;q=0.7	/login/	2026-04-15 19:08:11.960337+00	2026-04-15 19:08:31.670359+00
28	Mozilla/5.0 (X11; Linux x86_64) AppleWebKit/537.36 (KHTML, like Gecko) Chrome/147.0.0.0 Safari/537.36	127.0.0.1	superadmin	text/html,application/xhtml+xml,application/xml;q=0.9,image/avif,image/webp,image/apng,*/*;q=0.8,application/signed-exchange;v=b3;q=0.7	/login/	2026-04-15 19:08:47.679654+00	2026-04-15 19:08:58.520763+00
29	Mozilla/5.0 (X11; Linux x86_64) AppleWebKit/537.36 (KHTML, like Gecko) Chrome/147.0.0.0 Safari/537.36	127.0.0.1	viewer1	text/html,application/xhtml+xml,application/xml;q=0.9,image/avif,image/webp,image/apng,*/*;q=0.8,application/signed-exchange;v=b3;q=0.7	/login/	2026-04-15 19:09:05.445773+00	2026-04-15 19:09:10.091065+00
30	Mozilla/5.0 (X11; Linux x86_64) AppleWebKit/537.36 (KHTML, like Gecko) Chrome/147.0.0.0 Safari/537.36	127.0.0.1	viewer1	text/html,application/xhtml+xml,application/xml;q=0.9,image/avif,image/webp,image/apng,*/*;q=0.8,application/signed-exchange;v=b3;q=0.7	/login/	2026-04-15 19:11:05.646726+00	2026-04-15 19:11:31.317094+00
\.


--
-- Data for Name: db_user_logs; Type: TABLE DATA; Schema: public; Owner: -
--

COPY public.db_user_logs (id, username_snapshot, description, ip_address, request_method, path, device, operating_system, browser, user_agent, action_type, target_model, target_object_id, object_repr, is_success, action_datetime, user_id) FROM stdin;
1	phase2tester	User logged in successfully.	127.0.0.1	POST	/login/					login				t	2026-04-15 13:03:14.379811+00	2
2	jaki	User logged in successfully.	127.0.0.1	POST	/login/	Other	Linux	Chrome 147.0.0	Mozilla/5.0 (X11; Linux x86_64) AppleWebKit/537.36 (KHTML, like Gecko) Chrome/147.0.0.0 Safari/537.36	login				t	2026-04-15 13:49:53.534652+00	1
3	jaki	User logged out.	127.0.0.1	POST	/logout/	Other	Linux	Chrome 147.0.0	Mozilla/5.0 (X11; Linux x86_64) AppleWebKit/537.36 (KHTML, like Gecko) Chrome/147.0.0.0 Safari/537.36	logout				t	2026-04-15 13:50:55.316163+00	1
4	ops_admin	Updated general settings.	127.0.0.1	POST	/ops/settings/general/					admin_update				t	2026-04-15 17:32:29.549624+00	4
5	ops_admin	Updated role permission analyst:view_system_health=True.	127.0.0.1	POST	/ops/roles/toggle/					admin_update	ops.Role	3	Analyst	t	2026-04-15 17:32:29.555809+00	4
6	ops_admin	Updated ui settings.	127.0.0.1	POST	/ops/settings/theme/					admin_update				t	2026-04-15 17:33:32.850578+00	4
7	ops_admin	Updated role permission analyst:manage_schedules=True.	127.0.0.1	POST	/ops/roles/toggle/					admin_update	ops.Role	3	Analyst	t	2026-04-15 17:33:32.858529+00	4
8	ops_admin	Created user ops_temp_user.	127.0.0.1	POST	/ops/users/create/					admin_update	accounts.User	5	ops_temp_user	t	2026-04-15 17:33:46.978211+00	4
9	ops_admin	Updated user ops_temp_user.	127.0.0.1	POST	/ops/users/5/edit/					admin_update	accounts.User	5	ops_temp_user	t	2026-04-15 17:33:46.989159+00	4
10	ops_admin	Set user ops_temp_user active=False.	127.0.0.1	POST	/ops/users/5/toggle-active/					admin_update	accounts.User	5	ops_temp_user	t	2026-04-15 17:33:46.996388+00	4
11	ops_admin	Flagged user ops_temp_user for password reset.	127.0.0.1	POST	/ops/users/5/flag-password-reset/					admin_update	accounts.User	5	ops_temp_user	t	2026-04-15 17:33:47.001367+00	4
12	securityadmin	User logged in successfully.	127.0.0.1	POST	/login/	Other	Linux	Chrome 147.0.0	Mozilla/5.0 (X11; Linux x86_64) AppleWebKit/537.36 (KHTML, like Gecko) Chrome/147.0.0.0 Safari/537.36	login				t	2026-04-15 18:21:23.743772+00	7
13	securityadmin	User logged out.	127.0.0.1	POST	/logout/	Other	Linux	Chrome 147.0.0	Mozilla/5.0 (X11; Linux x86_64) AppleWebKit/537.36 (KHTML, like Gecko) Chrome/147.0.0.0 Safari/537.36	logout				t	2026-04-15 18:21:54.747691+00	7
14	superadmin	User logged in successfully.	127.0.0.1	POST	/login/	Other	Linux	Chrome 147.0.0	Mozilla/5.0 (X11; Linux x86_64) AppleWebKit/537.36 (KHTML, like Gecko) Chrome/147.0.0.0 Safari/537.36	login				t	2026-04-15 18:45:00.451755+00	6
15	superadmin	User logged out.	127.0.0.1	POST	/logout/	Other	Linux	Chrome 147.0.0	Mozilla/5.0 (X11; Linux x86_64) AppleWebKit/537.36 (KHTML, like Gecko) Chrome/147.0.0.0 Safari/537.36	logout				t	2026-04-15 19:07:38.406295+00	6
16	jaki	User logged in successfully.	127.0.0.1	POST	/login/	Other	Linux	Chrome 147.0.0	Mozilla/5.0 (X11; Linux x86_64) AppleWebKit/537.36 (KHTML, like Gecko) Chrome/147.0.0.0 Safari/537.36	login				t	2026-04-15 19:07:43.474966+00	1
17	jaki	User logged out.	127.0.0.1	POST	/logout/	Other	Linux	Chrome 147.0.0	Mozilla/5.0 (X11; Linux x86_64) AppleWebKit/537.36 (KHTML, like Gecko) Chrome/147.0.0.0 Safari/537.36	logout				t	2026-04-15 19:07:54.370081+00	1
18	viewer1	User logged in successfully.	127.0.0.1	POST	/login/	Other	Linux	Chrome 147.0.0	Mozilla/5.0 (X11; Linux x86_64) AppleWebKit/537.36 (KHTML, like Gecko) Chrome/147.0.0.0 Safari/537.36	login				t	2026-04-15 19:08:11.961271+00	12
19	viewer1	User logged out.	127.0.0.1	POST	/logout/	Other	Linux	Chrome 147.0.0	Mozilla/5.0 (X11; Linux x86_64) AppleWebKit/537.36 (KHTML, like Gecko) Chrome/147.0.0.0 Safari/537.36	logout				t	2026-04-15 19:08:31.667489+00	12
20	superadmin	User logged in successfully.	127.0.0.1	POST	/login/	Other	Linux	Chrome 147.0.0	Mozilla/5.0 (X11; Linux x86_64) AppleWebKit/537.36 (KHTML, like Gecko) Chrome/147.0.0.0 Safari/537.36	login				t	2026-04-15 19:08:47.680325+00	6
21	superadmin	User logged out.	127.0.0.1	POST	/logout/	Other	Linux	Chrome 147.0.0	Mozilla/5.0 (X11; Linux x86_64) AppleWebKit/537.36 (KHTML, like Gecko) Chrome/147.0.0.0 Safari/537.36	logout				t	2026-04-15 19:08:58.517939+00	6
22	viewer1	User logged in successfully.	127.0.0.1	POST	/login/	Other	Linux	Chrome 147.0.0	Mozilla/5.0 (X11; Linux x86_64) AppleWebKit/537.36 (KHTML, like Gecko) Chrome/147.0.0.0 Safari/537.36	login				t	2026-04-15 19:09:05.446653+00	12
23	viewer1	User logged out.	127.0.0.1	POST	/logout/	Other	Linux	Chrome 147.0.0	Mozilla/5.0 (X11; Linux x86_64) AppleWebKit/537.36 (KHTML, like Gecko) Chrome/147.0.0.0 Safari/537.36	logout				t	2026-04-15 19:09:10.089933+00	12
24	viewer1	User logged in successfully.	127.0.0.1	POST	/login/	Other	Linux	Chrome 147.0.0	Mozilla/5.0 (X11; Linux x86_64) AppleWebKit/537.36 (KHTML, like Gecko) Chrome/147.0.0.0 Safari/537.36	login				t	2026-04-15 19:11:05.647658+00	12
25	viewer1	User logged out.	127.0.0.1	POST	/logout/	Other	Linux	Chrome 147.0.0	Mozilla/5.0 (X11; Linux x86_64) AppleWebKit/537.36 (KHTML, like Gecko) Chrome/147.0.0.0 Safari/537.36	logout				t	2026-04-15 19:11:31.314302+00	12
\.


--
-- Data for Name: django_admin_log; Type: TABLE DATA; Schema: public; Owner: -
--

COPY public.django_admin_log (id, action_time, object_id, object_repr, action_flag, change_message, content_type_id, user_id) FROM stdin;
\.


--
-- Data for Name: django_content_type; Type: TABLE DATA; Schema: public; Owner: -
--

COPY public.django_content_type (id, app_label, model) FROM stdin;
1	admin	logentry
2	auth	permission
3	auth	group
4	contenttypes	contenttype
5	sessions	session
6	accounts	user
7	accounts	userlogs
8	axes	accessattempt
9	axes	accesslog
10	axes	accessfailurelog
11	targets	target
12	scans	scanprofile
13	scans	scanrequest
14	scans	scanexecution
15	scans	scanresult
16	scans	scanportresult
17	scans	scaneventlog
18	reports	reporttemplate
19	reports	generatedreport
20	schedules	scanschedule
21	schedules	schedulerunlog
22	notifications	notification
23	assets	asset
24	assets	assetsnapshot
25	assets	assetchangelog
26	ops	role
27	ops	workerstatussnapshot
28	ops	userprofile
29	ops	systemhealthsnapshot
30	ops	permissionrule
31	ops	appsetting
32	ops	adminauditlog
\.


--
-- Data for Name: django_migrations; Type: TABLE DATA; Schema: public; Owner: -
--

COPY public.django_migrations (id, app, name, applied) FROM stdin;
1	contenttypes	0001_initial	2026-04-15 06:11:02.296564+00
2	contenttypes	0002_remove_content_type_name	2026-04-15 06:11:02.29932+00
3	auth	0001_initial	2026-04-15 06:11:02.313374+00
4	auth	0002_alter_permission_name_max_length	2026-04-15 06:11:02.315424+00
5	auth	0003_alter_user_email_max_length	2026-04-15 06:11:02.317437+00
6	auth	0004_alter_user_username_opts	2026-04-15 06:11:02.320164+00
7	auth	0005_alter_user_last_login_null	2026-04-15 06:11:02.322063+00
8	auth	0006_require_contenttypes_0002	2026-04-15 06:11:02.323206+00
9	auth	0007_alter_validators_add_error_messages	2026-04-15 06:11:02.325175+00
10	auth	0008_alter_user_username_max_length	2026-04-15 06:11:02.327531+00
11	auth	0009_alter_user_last_name_max_length	2026-04-15 06:11:02.330116+00
12	auth	0010_alter_group_name_max_length	2026-04-15 06:11:02.332487+00
13	auth	0011_update_proxy_permissions	2026-04-15 06:11:02.334729+00
14	auth	0012_alter_user_first_name_max_length	2026-04-15 06:11:02.336885+00
15	accounts	0001_initial	2026-04-15 06:11:02.356224+00
16	admin	0001_initial	2026-04-15 06:11:02.363091+00
17	admin	0002_logentry_remove_auto_add	2026-04-15 06:11:02.36652+00
18	admin	0003_logentry_add_action_flag_choices	2026-04-15 06:11:02.370111+00
19	axes	0001_initial	2026-04-15 06:11:02.374746+00
20	axes	0002_auto_20151217_2044	2026-04-15 06:11:02.386189+00
21	axes	0003_auto_20160322_0929	2026-04-15 06:11:02.390463+00
22	axes	0004_auto_20181024_1538	2026-04-15 06:11:02.394358+00
23	axes	0005_remove_accessattempt_trusted	2026-04-15 06:11:02.396287+00
24	axes	0006_remove_accesslog_trusted	2026-04-15 06:11:02.397885+00
25	axes	0007_alter_accessattempt_unique_together	2026-04-15 06:11:02.403738+00
26	axes	0008_accessfailurelog	2026-04-15 06:11:02.409577+00
27	sessions	0001_initial	2026-04-15 06:11:02.413478+00
28	accounts	0002_alter_user_managers	2026-04-15 13:02:02.216664+00
29	targets	0001_initial	2026-04-15 13:02:02.239042+00
30	scans	0001_initial	2026-04-15 13:02:02.258293+00
31	scans	0002_seed_profiles	2026-04-15 13:02:02.267218+00
32	scans	0003_scanexecution_scanresult_scanportresult_scaneventlog_and_more	2026-04-15 13:02:02.32211+00
33	assets	0001_initial	2026-04-15 13:37:22.513044+00
34	reports	0001_initial	2026-04-15 13:37:22.53899+00
35	schedules	0001_initial	2026-04-15 13:37:22.582107+00
36	notifications	0001_initial	2026-04-15 13:37:22.600145+00
37	notifications	0002_initial	2026-04-15 13:37:22.656429+00
38	ops	0001_initial	2026-04-15 17:31:25.645897+00
39	ops	0002_alter_permissionrule_permission_key	2026-04-16 18:35:15.108876+00
\.


--
-- Data for Name: django_session; Type: TABLE DATA; Schema: public; Owner: -
--

COPY public.django_session (session_key, session_data, expire_date) FROM stdin;
x2sdxgilgy55xe1vvyg9c3ocy5niuy9l	.eJxVjDsOwyAQRO9CHaE1Xztlep8BLQsEJxGWjF1FuXtAcpGU897MvJnDY8_uqHFzS2BXJtjll3mkZyxdhAeW-8ppLfu2eN4r_LSVz2uIr9vZ_TvIWHNfDwqQYopkJYGnJJMXxgC0ZBqVVrczHQCsND7EcVLjNIhEQvukCNnnCw5tONs:1wCztD:xbq57fPWRSDCi4ZtEzZuMWBdLrX8OAiZZwPwshDqQ2o	2026-04-29 13:02:43.842329+00
7382t039vsdlunq1ym35x58i6m6qmd1d	.eJxVjDsOwyAQRO9CHaE1Xztlep8BLQsEJxGWjF1FuXtAcpGU897MvJnDY8_uqHFzS2BXJtjll3mkZyxdhAeW-8ppLfu2eN4r_LSVz2uIr9vZ_TvIWHNfDwqQYopkJYGnJJMXxgC0ZBqVVrczHQCsND7EcVLjNIhEQvukCNnnCw5tONs:1wCzti:pLmY6hOUgMI0KQeC6p5B5w3mkEkA4r4nM_v1yZ5Q_W0	2026-04-29 13:03:14.382027+00
8f0lqs0lsd1tqi4p41wt9zbjr59pwp3g	.eJxVjDsOwyAQRO9CHaE1Xztlep8BLQsEJxGWjF1FuXtAcpGU897MvJnDY8_uqHFzS2BXJtjll3mkZyxdhAeW-8ppLfu2eN4r_LSVz2uIr9vZ_TvIWHNfDwqQYopkJYGnJJMXxgC0ZBqVVrczHQCsND7EcVLjNIhEQvukCNnnCw5tONs:1wCzu7:T41_XRKzBic3ZTokimAUDLu4XRFM2JpijKFn91OjxXI	2026-04-29 13:03:39.044577+00
bby6ajwkw3d0wze6skieemxfm5d3k7kl	.eJxVjDsOwyAQRO9CHaE1Xztlep8BLQsEJxGWjF1FuXtAcpGU897MvJnDY8_uqHFzS2BXJtjll3mkZyxdhAeW-8ppLfu2eN4r_LSVz2uIr9vZ_TvIWHNfDwqQYopkJYGnJJMXxgC0ZBqVVrczHQCsND7EcVLjNIhEQvukCNnnCw5tONs:1wCzuI:TXSsGXoVlUjOwP5srVJGB2Cr0Wg36rh6QabpABNmomg	2026-04-29 13:03:50.794357+00
mnwb5ix6s96m8rgfc8l6czd3wqjzgt4q	.eJxVjDsOwyAQRO9CHaE1Xztlep8BLQsEJxGWjF1FuXtAcpGU897MvJnDY8_uqHFzS2BXJtjll3mkZyxdhAeW-8ppLfu2eN4r_LSVz2uIr9vZ_TvIWHNfDwqQYopkJYGnJJMXxgC0ZBqVVrczHQCsND7EcVLjNIhEQvukCNnnCw5tONs:1wCzv9:cTTK8bpVUzNH4aPrIbrgKV6RFyyIqTONDfAATXAESKE	2026-04-29 13:04:43.121283+00
qlk2ew3phf8bdvvpz06wo5f42naapxid	.eJxVjEEOwiAQRe_C2hAKFBiX7nsGMswQqRpISrsy3t2QdKHb_977bxHx2Es8et7iyuIqjLj8bgnpmesA_MB6b5Ja3bc1yaHIk3a5NM6v2-n-HRTsZdTZQvDBKZisMt7M7LQ3qJU1pLULoMlRCH5OzjqAjCpNwAazpUSsQHy-ofA2xg:1wD0Td:XlFaiIIaHz4fWaxtv306ZX7w5aINR7m3mPulVwc9EeA	2026-04-29 13:40:21.642685+00
i95fildfdvgct5u7n78kf1pwnbvi4n4o	.eJxVjEEOwiAQAP_C2RAWCqUevfcNZGEXqRqalPZk_Lsh6UGvM5N5i4DHXsLReAsLiasAcfllEdOTaxf0wHpfZVrrvi1R9kSetsl5JX7dzvZvULCVvlUZjTGZo88TJiRktg70lMyQLNsBrWLjyDoFPJqRXNZA3jkA7cmi-HwB_Sg3-A:1wD0Tp:CPmwjUcpYzuT6GB_iw_dt_KZzqwD1KQnoW4Z9Nfpc8s	2026-04-29 13:40:33.257358+00
gusawddgxfq0ggtlf9n7959vdulfn6c0	.eJxVjEEOwiAQAP_C2RAWCqUevfcNZGEXqRqalPZk_Lsh6UGvM5N5i4DHXsLReAsLiasAcfllEdOTaxf0wHpfZVrrvi1R9kSetsl5JX7dzvZvULCVvlUZjTGZo88TJiRktg70lMyQLNsBrWLjyDoFPJqRXNZA3jkA7cmi-HwB_Sg3-A:1wD0U2:oNUb5lY_zucdxpKk5FuKarrl6yHnp_VsRSnjp4EkksY	2026-04-29 13:40:46.760707+00
5g4xp1z3h56x5gp7k2qanfp3vbltydnx	.eJxVjEEOwiAQAP_C2RAWCqUevfcNZGEXqRqalPZk_Lsh6UGvM5N5i4DHXsLReAsLiasAcfllEdOTaxf0wHpfZVrrvi1R9kSetsl5JX7dzvZvULCVvlUZjTGZo88TJiRktg70lMyQLNsBrWLjyDoFPJqRXNZA3jkA7cmi-HwB_Sg3-A:1wD0Ug:QJATPwmTZ4e2w_NI9g-xHPSRwD5BPy7xwthkhk6RK8A	2026-04-29 13:41:26.186981+00
4njt3w2lm2vlltg3ema1zzq71h4ybnch	.eJxVjEEOwiAQAP_C2RAWCqUevfcNZGEXqRqalPZk_Lsh6UGvM5N5i4DHXsLReAsLiasAcfllEdOTaxf0wHpfZVrrvi1R9kSetsl5JX7dzvZvULCVvlUZjTGZo88TJiRktg70lMyQLNsBrWLjyDoFPJqRXNZA3jkA7cmi-HwB_Sg3-A:1wD0VU:uCByHMaKKevKE_jgAaUdSy1UvVQALmo4p8Dqmu3A_jo	2026-04-29 13:42:16.974838+00
78tqi645rrnbsjq2a68lcgxmnp5bg6dq	.eJxVjEEOwiAQAP_C2RAWCqUevfcNZGEXqRqalPZk_Lsh6UGvM5N5i4DHXsLReAsLiasAcfllEdOTaxf0wHpfZVrrvi1R9kSetsl5JX7dzvZvULCVvlUZjTGZo88TJiRktg70lMyQLNsBrWLjyDoFPJqRXNZA3jkA7cmi-HwB_Sg3-A:1wD0Vg:ejK6bGKOxq8zLx_eVWKbgsHni8I58pCvt84ludtxd_4	2026-04-29 13:42:28.553232+00
racx841v0m20zpbek56e2vscbc0yye3q	.eJxVjEEOwiAQAP_C2RAWCqUevfcNZGEXqRqalPZk_Lsh6UGvM5N5i4DHXsLReAsLiasAcfllEdOTaxf0wHpfZVrrvi1R9kSetsl5JX7dzvZvULCVvlUZjTGZo88TJiRktg70lMyQLNsBrWLjyDoFPJqRXNZA3jkA7cmi-HwB_Sg3-A:1wD0Vq:DWYV3WchyQ4WTNzmF6Rkh5SevseIut-oJSQshtjyCNk	2026-04-29 13:42:38.588114+00
aqiepvc139iw0z6hodz8vcznp7n6dj4v	.eJxVjEEOwiAQAP_C2RAWCqUevfcNZGEXqRqalPZk_Lsh6UGvM5N5i4DHXsLReAsLiasAcfllEdOTaxf0wHpfZVrrvi1R9kSetsl5JX7dzvZvULCVvlUZjTGZo88TJiRktg70lMyQLNsBrWLjyDoFPJqRXNZA3jkA7cmi-HwB_Sg3-A:1wD0Wp:QprmRdSiFYIWsX5E-AaYLjhu_jCyG6xr2if0MLq1p5w	2026-04-29 13:43:39.033211+00
z0nbq7j8hq0ntp4vtpsbp5x0ecrczoz6	.eJxVjEEOwiAQAP_C2RAWCqUevfcNZGEXqRqalPZk_Lsh6UGvM5N5i4DHXsLReAsLiasAcfllEdOTaxf0wHpfZVrrvi1R9kSetsl5JX7dzvZvULCVvlUZjTGZo88TJiRktg70lMyQLNsBrWLjyDoFPJqRXNZA3jkA7cmi-HwB_Sg3-A:1wD0XO:7PzroByl5kWt-hYWcTctmQjt5UD8HaEs_JQytEvZGCE	2026-04-29 13:44:14.02804+00
0erdhcu2snjdmgwwqt6xnk0riqj7ayq4	.eJxVjEsOAiEQBe_C2hCQlo9L956BNHQjowaSYWZlvLtOMgvdvqp6LxFxXWpcB89xInEWIA6_W8L84LYBumO7dZl7W-YpyU2ROx3y2omfl939O6g46rcOnAm0DSYAKkPotXZOnQpCzgWyM8wl-aPRQIUZgg-GgYuyCUhZZcT7A-q8OA0:1wD46H:R0cKFcUqKouURlE1auk-ay2-Yji_XJfDUcaIUQFh1FM	2026-04-29 17:32:29.295918+00
fd55jl4zgxpb247ie7d3i9eye257dh6p	.eJxVjEsOAiEQBe_C2hCQlo9L956BNHQjowaSYWZlvLtOMgvdvqp6LxFxXWpcB89xInEWIA6_W8L84LYBumO7dZl7W-YpyU2ROx3y2omfl939O6g46rcOnAm0DSYAKkPotXZOnQpCzgWyM8wl-aPRQIUZgg-GgYuyCUhZZcT7A-q8OA0:1wD47I:V0ZOSd29apY8wRgORPXUJ7VQhXCOp_p1hhcR-3Z4oi4	2026-04-29 17:33:32.603108+00
vhoouybmvs505tm5smbigf6tbm83e8ob	.eJxVjEsOAiEQBe_C2hCQlo9L956BNHQjowaSYWZlvLtOMgvdvqp6LxFxXWpcB89xInEWIA6_W8L84LYBumO7dZl7W-YpyU2ROx3y2omfl939O6g46rcOnAm0DSYAKkPotXZOnQpCzgWyM8wl-aPRQIUZgg-GgYuyCUhZZcT7A-q8OA0:1wD47W:adIVoxULUf9M4KtDhaGV5bsPX-tZgapQgDuMmkDGDH4	2026-04-29 17:33:46.812169+00
2bo0x92svpbl2d91ambmd7nd94alb915	.eJxVjEsOAiEQBe_C2hCQlo9L956BNHQjowaSYWZlvLtOMgvdvqp6LxFxXWpcB89xInEWIA6_W8L84LYBumO7dZl7W-YpyU2ROx3y2omfl939O6g46rcOnAm0DSYAKkPotXZOnQpCzgWyM8wl-aPRQIUZgg-GgYuyCUhZZcT7A-q8OA0:1wD487:TcOoKjRjgho1dM1F0Zduae2F-3pE_6Ia16tj3rGdsvk	2026-04-29 17:34:23.470922+00
eso5xy8p4bd231qykfgdpe8jef3d8fwj	.eJxVjMEOwiAQRP-FsyELpVA8eu83kF2WStVAUtqT8d9tkx70OPPezFsE3NYctpaWMLO4Cisuvx1hfKZyAH5guVcZa1mXmeShyJM2OVZOr9vp_h1kbHlf91b31iiDqfMDWLCkldsDeG0cuWQYJ9YGogaHFHlCN_jICj0BgenE5wu_fzeN:1wD52g:cBGWlVLIJmVhNyMndeAM_k0Fk0KmbbpkOtDoka4YqgU	2026-04-29 18:32:50.102314+00
laigx6kv3v5qyts9vp6w1vs2jg4gl603	.eJxVjMEOwiAQRP-FsyELpVA8eu83kF2WStVAUtqT8d9tkx70OPPezFsE3NYctpaWMLO4Cisuvx1hfKZyAH5guVcZa1mXmeShyJM2OVZOr9vp_h1kbHlf91b31iiDqfMDWLCkldsDeG0cuWQYJ9YGogaHFHlCN_jICj0BgenE5wu_fzeN:1wD52t:aGQ3lSWT_OMfMaqOpAixidq3nYH1o5YVIChn10bczcs	2026-04-29 18:33:03.829142+00
3bn2bdxmcevi7zcgj8fphqxjrtjk9jpm	.eJxVjMEOwiAQRP-FsyELpVA8eu83kF2WStVAUtqT8d9tkx70OPPezFsE3NYctpaWMLO4Cisuvx1hfKZyAH5guVcZa1mXmeShyJM2OVZOr9vp_h1kbHlf91b31iiDqfMDWLCkldsDeG0cuWQYJ9YGogaHFHlCN_jICj0BgenE5wu_fzeN:1wD532:-UqbLDRAj_yL0NW97yzLKZHBbpUyChecMMumpFAFE-M	2026-04-29 18:33:12.427957+00
wdlpa7nm9aytw4fcrtrdtc63d9o3kmgm	.eJxVjMEOwiAQRP-FsyELpVA8eu83kF2WStVAUtqT8d9tkx70OPPezFsE3NYctpaWMLO4Cisuvx1hfKZyAH5guVcZa1mXmeShyJM2OVZOr9vp_h1kbHlf91b31iiDqfMDWLCkldsDeG0cuWQYJ9YGogaHFHlCN_jICj0BgenE5wu_fzeN:1wD57w:gUz-bt1u_VrpVpiqYR-l3R3uwTogt_GhcVg_-ObPP-s	2026-04-29 18:38:16.045291+00
\.


--
-- Data for Name: notifications_notification; Type: TABLE DATA; Schema: public; Owner: -
--

COPY public.notifications_notification (id, title, message, notification_type, severity, is_read, action_url, metadata_json, created_at, read_at, recipient_id, related_asset_id, related_execution_id, related_result_id, related_schedule_id) FROM stdin;
17	Asset sync completed	Synced 2 assets from available results.	asset_changed	info	t	/assets/	{"seeded": true, "assets_synced": 2}	2026-04-15 13:39:38.975362+00	2026-04-15 13:40:33.411066+00	1	\N	\N	\N	\N
1	Report ready: Seeded Report EXE-20260415-23119FBC	Technical Report generated in HTML format.	report_generated	success	t	/reports/1/	{"status": "generated", "report_id": 1}	2026-04-15 13:39:11.506941+00	2026-04-15 13:44:14.141618+00	1	\N	\N	2	\N
2	Report ready: Seeded Report EXE-20260415-31A1DA35	Per-Host Report generated in HTML format.	report_generated	success	t	/reports/2/	{"status": "generated", "report_id": 2}	2026-04-15 13:39:11.510712+00	2026-04-15 13:44:14.141618+00	1	\N	\N	1	\N
3	Report ready: Seeded Report EXE-20260415-23119FBC	Technical Report generated in HTML format.	report_generated	success	t	/reports/3/	{"status": "generated", "report_id": 3}	2026-04-15 13:39:38.942335+00	2026-04-15 13:44:14.141618+00	1	\N	\N	2	\N
4	Report ready: Seeded Report EXE-20260415-31A1DA35	Per-Host Report generated in HTML format.	report_generated	success	t	/reports/4/	{"status": "generated", "report_id": 4}	2026-04-15 13:39:38.945937+00	2026-04-15 13:44:14.141618+00	1	\N	\N	1	\N
5	Report ready: Seeded Comparison EXE-20260415-31A1DA35 vs EXE-20260415-23119FBC	Comparison Report generated in HTML format.	report_generated	success	t	/reports/5/	{"status": "generated", "report_id": 5}	2026-04-15 13:39:38.948441+00	2026-04-15 13:44:14.141618+00	1	\N	\N	\N	\N
6	Schedule run queued: Seeded Schedule 1	Execution queued as EXE-20260415-1CB4C6F5.	schedule_triggered	success	t	/schedules/1/edit/	{}	2026-04-15 13:39:38.954762+00	2026-04-15 13:44:14.141618+00	1	\N	\N	\N	1
7	Seeded Notification #1	Development sample notification for list/detail UI validation.	system_alert	info	t	/notifications/	{"index": 1, "seeded": true}	2026-04-15 13:39:38.955809+00	2026-04-15 13:44:14.141618+00	1	\N	\N	\N	\N
8	Seeded Notification #2	Development sample notification for list/detail UI validation.	schedule_triggered	success	t	/notifications/	{"index": 2, "seeded": true}	2026-04-15 13:39:38.956368+00	2026-04-15 13:44:14.141618+00	1	\N	\N	\N	\N
9	Seeded Notification #3	Development sample notification for list/detail UI validation.	report_generated	warning	t	/notifications/	{"index": 3, "seeded": true}	2026-04-15 13:39:38.956909+00	2026-04-15 13:44:14.141618+00	1	\N	\N	\N	\N
10	Seeded Notification #4	Development sample notification for list/detail UI validation.	policy_alert	error	t	/notifications/	{"index": 4, "seeded": true}	2026-04-15 13:39:38.957448+00	2026-04-15 13:44:14.141618+00	1	\N	\N	\N	\N
11	Seeded Notification #5	Development sample notification for list/detail UI validation.	system_alert	info	t	/notifications/	{"index": 5, "seeded": true}	2026-04-15 13:39:38.957948+00	2026-04-15 13:44:14.141618+00	1	\N	\N	\N	\N
12	Seeded Notification #6	Development sample notification for list/detail UI validation.	schedule_triggered	success	t	/notifications/	{"index": 6, "seeded": true}	2026-04-15 13:39:38.95843+00	2026-04-15 13:44:14.141618+00	1	\N	\N	\N	\N
13	Seeded Notification #7	Development sample notification for list/detail UI validation.	report_generated	warning	t	/notifications/	{"index": 7, "seeded": true}	2026-04-15 13:39:38.959195+00	2026-04-15 13:44:14.141618+00	1	\N	\N	\N	\N
14	Seeded Notification #8	Development sample notification for list/detail UI validation.	policy_alert	error	t	/notifications/	{"index": 8, "seeded": true}	2026-04-15 13:39:38.959821+00	2026-04-15 13:44:14.141618+00	1	\N	\N	\N	\N
15	Seeded Notification #9	Development sample notification for list/detail UI validation.	system_alert	info	t	/notifications/	{"index": 9, "seeded": true}	2026-04-15 13:39:38.960789+00	2026-04-15 13:44:14.141618+00	1	\N	\N	\N	\N
16	Seeded Notification #10	Development sample notification for list/detail UI validation.	schedule_triggered	success	t	/notifications/	{"index": 10, "seeded": true}	2026-04-15 13:39:38.961316+00	2026-04-15 13:44:14.141618+00	1	\N	\N	\N	\N
18	Report ready: Seeded Report EXE-20260415-23119FBC	Technical Report generated in HTML format.	report_generated	success	t	/reports/6/	{"status": "generated", "report_id": 6}	2026-04-15 13:43:55.97+00	2026-04-15 13:44:14.141618+00	1	\N	\N	2	\N
19	Report ready: Seeded Report EXE-20260415-31A1DA35	Per-Host Report generated in HTML format.	report_generated	success	t	/reports/7/	{"status": "generated", "report_id": 7}	2026-04-15 13:43:55.974046+00	2026-04-15 13:44:14.141618+00	1	\N	\N	1	\N
20	Report ready: Seeded Comparison EXE-20260415-31A1DA35 vs EXE-20260415-23119FBC	Comparison Report generated in HTML format.	report_generated	success	t	/reports/8/	{"status": "generated", "report_id": 8}	2026-04-15 13:43:55.977478+00	2026-04-15 13:44:14.141618+00	1	\N	\N	\N	\N
21	Seeded Notification #1	Development sample notification for list/detail UI validation.	system_alert	info	t	/notifications/	{"index": 1, "seeded": true}	2026-04-15 13:43:55.981187+00	2026-04-15 13:44:14.141618+00	1	\N	\N	\N	\N
22	Seeded Notification #2	Development sample notification for list/detail UI validation.	schedule_triggered	success	t	/notifications/	{"index": 2, "seeded": true}	2026-04-15 13:43:55.981752+00	2026-04-15 13:44:14.141618+00	1	\N	\N	\N	\N
23	Report ready: Action Test Report	Executive Summary generated in HTML format.	report_generated	success	t	/reports/9/	{"status": "generated", "report_id": 9}	2026-04-15 13:44:14.125146+00	2026-04-15 13:44:14.141618+00	1	\N	\N	2	\N
24	Schedule created: Action Test Schedule	New schedule for 10.10.10.10 created.	schedule_triggered	success	t	/schedules/2/edit/	{}	2026-04-15 13:44:14.131541+00	2026-04-15 13:44:14.141618+00	1	\N	\N	\N	2
25	Schedule run queued: Seeded Schedule 1	Execution queued as EXE-20260415-E82B7700.	schedule_triggered	success	t	/schedules/1/edit/	{}	2026-04-15 13:44:14.138001+00	2026-04-15 13:44:14.141618+00	1	\N	\N	\N	1
26	Asset sync completed	Asset inventory synchronized from 2 recent scan results.	asset_changed	info	f	/assets/	{"synced_count": 2}	2026-04-15 13:44:14.161892+00	\N	1	\N	\N	\N	\N
27	Scan completed: DEMO-EXE-1001	Execution DEMO-EXE-1001 completed with 5 open ports detected.	scan_completed	success	f	/scans/results/	{"seed_ref": "notification:Scan completed: DEMO-EXE-1001"}	2026-04-15 17:52:11.340087+00	\N	8	2	5	3	3
28	Scan failed: DEMO-EXE-1004	Execution DEMO-EXE-1004 failed due to restricted target policy.	scan_failed	error	f	/scans/running/	{"seed_ref": "notification:Scan failed: DEMO-EXE-1004"}	2026-04-15 17:52:11.340692+00	\N	7	5	8	5	4
29	Report generated: Technical Report	Technical report for service detection pass is ready.	report_generated	info	t	/reports/	{"seed_ref": "notification:Report generated: Technical Report"}	2026-04-15 17:52:11.341246+00	2026-04-15 17:48:15.741367+00	9	6	6	4	\N
30	Schedule triggered: Weekly Web Server Review	Scheduled scan workflow has been triggered.	schedule_triggered	info	f	/schedules/	{"seed_ref": "notification:Schedule triggered: Weekly Web Server Review"}	2026-04-15 17:52:11.341783+00	\N	10	\N	6	\N	4
31	Asset changed: web-01.internal	New exposed port detected on web-01.internal.	asset_changed	warning	f	/assets/changes/	{"seed_ref": "notification:Asset changed: web-01.internal"}	2026-04-15 17:52:11.342354+00	\N	11	2	\N	\N	\N
32	System alert: Queue backlog warning	Queue backlog exceeded warning threshold on worker-bravo.	system_alert	warning	f	/ops/health/system/	{"seed_ref": "notification:System alert: Queue backlog warning"}	2026-04-15 17:52:11.342869+00	\N	12	\N	\N	\N	\N
\.


--
-- Data for Name: ops_adminauditlog; Type: TABLE DATA; Schema: public; Owner: -
--

COPY public.ops_adminauditlog (id, action, target_type, target_id, summary, metadata_json, created_at, actor_id) FROM stdin;
1	settings.update.general			Updated general settings.	{"keys": ["app_brand_name", "audit_retention_days", "compact_sidebar", "default_landing_page", "language", "scan_retention_days", "show_help_tips", "time_zone"], "category": "general"}	2026-04-15 17:32:29.548918+00	4
2	role.permission.toggle	ops.Role	3	Updated role permission analyst:view_system_health=True.	{"is_allowed": true, "permission_key": "view_system_health"}	2026-04-15 17:32:29.555334+00	4
3	settings.update.ui			Updated ui settings.	{"keys": ["compact_mode", "dashboard_card_style", "data_density", "default_theme", "table_page_size"], "category": "ui"}	2026-04-15 17:33:32.849899+00	4
4	role.permission.toggle	ops.Role	3	Updated role permission analyst:manage_schedules=True.	{"is_allowed": true, "permission_key": "manage_schedules"}	2026-04-15 17:33:32.857584+00	4
5	user.create	accounts.User	5	Created user ops_temp_user.	{"email": "ops_temp_user@example.com", "username": "ops_temp_user"}	2026-04-15 17:33:46.977325+00	4
6	user.update	accounts.User	5	Updated user ops_temp_user.	{"username": "ops_temp_user"}	2026-04-15 17:33:46.988562+00	4
7	user.toggle_active	accounts.User	5	Set user ops_temp_user active=False.	{"is_active": false}	2026-04-15 17:33:46.995815+00	4
8	user.flag_password_reset	accounts.User	5	Flagged user ops_temp_user for password reset.	{"force_password_reset": true}	2026-04-15 17:33:47.000993+00	4
\.


--
-- Data for Name: ops_appsetting; Type: TABLE DATA; Schema: public; Owner: -
--

COPY public.ops_appsetting (id, key, value_text, value_json, category, label, description, is_active, created_at, updated_at, updated_by_id) FROM stdin;
1	app_brand_name	ScanOps	{"value": "ScanOps"}	general	App Branding	Primary product label shown in the interface.	t	2026-04-15 17:31:33.379693+00	2026-04-15 17:53:16.44423+00	6
2	default_landing_page	dashboard	{"value": "dashboard"}	general	Default Landing Page	Initial module displayed after login.	t	2026-04-15 17:31:33.380505+00	2026-04-15 17:53:16.44465+00	6
3	time_zone	UTC	{"value": "UTC"}	general	Time Zone	Default application time zone.	t	2026-04-15 17:31:33.381144+00	2026-04-15 17:53:16.445064+00	6
4	language	en-us	{"value": "en-us"}	general	Language	Default interface language.	t	2026-04-15 17:31:33.381736+00	2026-04-15 17:53:16.445458+00	6
5	scan_retention_days	120	{"value": 120}	general	Retention Defaults (Scan Data)	Retention duration for scan run data.	t	2026-04-15 17:31:33.382322+00	2026-04-15 17:53:16.445848+00	6
6	audit_retention_days	365	{"value": 365}	general	Retention Defaults (Audit Data)	Retention duration for admin audit trails.	t	2026-04-15 17:31:33.382921+00	2026-04-15 17:53:16.446249+00	6
7	compact_sidebar	false	{"value": false}	general	General UI Preferences (Compact Sidebar)	Default to compact left navigation layout.	t	2026-04-15 17:31:33.383512+00	2026-04-15 17:53:16.446642+00	6
8	show_help_tips	true	{"value": true}	general	General UI Preferences (Show Tips)	Show contextual tips throughout the UI.	t	2026-04-15 17:31:33.384072+00	2026-04-15 17:53:16.447037+00	6
9	allowed_scan_types	host_discovery,quick_tcp,top_100,top_1000,service_detection,safe_basic	["host_discovery", "quick_tcp", "top_100", "top_1000", "service_detection", "safe_basic"]	scan_policy	Allowed Scan Types	Scan modes that operators can execute.	t	2026-04-15 17:31:33.384673+00	2026-04-15 17:53:16.447429+00	6
10	blocked_scan_types		[]	scan_policy	Blocked Scan Types	Scan modes blocked regardless of role.	t	2026-04-15 17:31:33.385259+00	2026-04-15 17:53:16.447819+00	6
11	max_ports_per_scan	2048	{"value": 2048}	scan_policy	Max Ports Per Scan	Maximum number of ports permitted per scan request.	t	2026-04-15 17:31:33.386388+00	2026-04-15 17:53:16.448225+00	6
12	scan_timeout_seconds	1200	{"value": 1200}	scan_policy	Scan Timeout	Maximum runtime for a single scan.	t	2026-04-15 17:31:33.387011+00	2026-04-15 17:53:16.448629+00	6
13	max_concurrency	25	{"value": 25}	scan_policy	Max Concurrency	Upper bound for concurrent scan jobs.	t	2026-04-15 17:31:33.387672+00	2026-04-15 17:53:16.449077+00	6
14	safe_default_options	true	{"value": true}	scan_policy	Safe Default Options	Require defaults to stay within safe profile baseline.	t	2026-04-15 17:31:33.388277+00	2026-04-15 17:53:16.449636+00	6
15	aggressive_requires_approval	true	{"value": true}	scan_policy	Aggressive Options Require Approval	Require privileged approval for aggressive scan modes.	t	2026-04-15 17:31:33.388855+00	2026-04-15 17:53:16.450226+00	6
16	whitelist_ranges	10.0.0.0/8,172.16.0.0/12,192.168.0.0/16	["10.0.0.0/8", "172.16.0.0/12", "192.168.0.0/16"]	allowed_targets	Whitelist Ranges	CIDR ranges that are always permitted.	t	2026-04-15 17:31:33.389448+00	2026-04-15 17:53:16.45071+00	6
17	blocked_ranges	0.0.0.0/0	["0.0.0.0/0"]	allowed_targets	Blocked Ranges	CIDR ranges that are denied by policy.	t	2026-04-15 17:31:33.390029+00	2026-04-15 17:53:16.451178+00	6
18	restrict_public_targets	true	{"value": true}	allowed_targets	Public Target Restriction	Disallow public internet targets by default.	t	2026-04-15 17:31:33.390669+00	2026-04-15 17:53:16.451616+00	6
19	strict_target_validation	true	{"value": true}	allowed_targets	Validation Rules	Enforce strict target normalization and policy checks.	t	2026-04-15 17:31:33.39202+00	2026-04-15 17:53:16.452034+00	6
20	approval_required_new_targets	true	{"value": true}	allowed_targets	Approval Required	Require approval workflow for newly submitted targets.	t	2026-04-15 17:31:33.392608+00	2026-04-15 17:53:16.452444+00	6
21	in_app_enabled	true	{"value": true}	notifications	In-App Notifications	Enable in-app notification delivery.	t	2026-04-15 17:31:33.393175+00	2026-04-15 17:53:16.452846+00	6
22	email_enabled	true	{"value": true}	notifications	Email Notifications	Enable email notification delivery.	t	2026-04-15 17:31:33.393734+00	2026-04-15 17:53:16.453254+00	6
23	severity_preferences	warning,error	["warning", "error"]	notifications	Severity Preferences	Minimum severities to deliver.	t	2026-04-15 17:31:33.394288+00	2026-04-15 17:53:16.453664+00	6
24	daily_digest_enabled	true	{"value": true}	notifications	Digest Settings	Send scheduled digest notifications.	t	2026-04-15 17:31:33.39486+00	2026-04-15 17:53:16.454071+00	6
25	digest_hour_utc	7	{"value": 7}	notifications	Digest Hour (UTC)	UTC hour for digest generation.	t	2026-04-15 17:31:33.395445+00	2026-04-15 17:53:16.454472+00	6
26	default_report_format	html	{"value": "html"}	exports	Default Report Format	Preferred default report export format.	t	2026-04-15 17:31:33.396005+00	2026-04-15 17:53:16.454886+00	6
27	branded_template	enterprise_standard	{"value": "enterprise_standard"}	exports	Branded Report Template	Default branding profile for report exports.	t	2026-04-15 17:31:33.396571+00	2026-04-15 17:53:16.45535+00	6
28	pdf_header_text	ScanOps Internal Security Report	{"value": "ScanOps Internal Security Report"}	exports	PDF Header	Header text rendered in PDF exports.	t	2026-04-15 17:31:33.397121+00	2026-04-15 17:53:16.455966+00	6
29	pdf_footer_text	Authorized Internal Use Only	{"value": "Authorized Internal Use Only"}	exports	PDF Footer	Footer text rendered in PDF exports.	t	2026-04-15 17:31:33.397673+00	2026-04-15 17:53:16.456583+00	6
30	export_retention_days	45	{"value": 45}	exports	Export Retention	Retention duration for generated export files.	t	2026-04-15 17:31:33.398217+00	2026-04-15 17:53:16.457021+00	6
31	file_naming_pattern	{type}-{target}-{date}	{"value": "{type}-{target}-{date}"}	exports	File Naming Defaults	Pattern for generated export file names.	t	2026-04-15 17:31:33.398759+00	2026-04-15 17:53:16.45748+00	6
32	default_theme	dark	{"value": "dark"}	ui	Dark/Light Mode Default	Theme preference for new sessions.	t	2026-04-15 17:31:33.399296+00	2026-04-15 17:53:16.457909+00	6
33	compact_mode	false	{"value": false}	ui	Compact Mode	Use compact spacing across major views.	t	2026-04-15 17:31:33.399835+00	2026-04-15 17:53:16.458366+00	6
34	data_density	comfortable	{"value": "comfortable"}	ui	Data Density	Preferred density for list-heavy layouts.	t	2026-04-15 17:31:33.400375+00	2026-04-15 17:53:16.458837+00	6
35	table_page_size	20	{"value": 20}	ui	Table Preferences	Default row count for paginated tables.	t	2026-04-15 17:31:33.400914+00	2026-04-15 17:53:16.459342+00	6
36	dashboard_card_style	standard	{"value": "standard"}	ui	Dashboard Card Style	Visual style for dashboard card components.	t	2026-04-15 17:31:33.401455+00	2026-04-15 17:53:16.459771+00	6
\.


--
-- Data for Name: ops_permissionrule; Type: TABLE DATA; Schema: public; Owner: -
--

COPY public.ops_permissionrule (id, permission_key, is_allowed, created_at, updated_at, role_id) FROM stdin;
1	manage_users	t	2026-04-15 17:31:33.352013+00	2026-04-15 17:31:33.352018+00	1
2	manage_settings	t	2026-04-15 17:31:33.353818+00	2026-04-15 17:31:33.353826+00	1
3	manage_profiles	t	2026-04-15 17:31:33.354462+00	2026-04-15 17:31:33.354466+00	1
4	manage_schedules	t	2026-04-15 17:31:33.355045+00	2026-04-15 17:31:33.355051+00	1
5	view_system_health	t	2026-04-15 17:31:33.355631+00	2026-04-15 17:31:33.355634+00	1
8	generate_reports	t	2026-04-15 17:31:33.357308+00	2026-04-15 17:31:33.357311+00	1
9	manage_users	t	2026-04-15 17:31:33.358359+00	2026-04-15 17:31:33.358363+00	2
10	manage_settings	t	2026-04-15 17:31:33.358906+00	2026-04-15 17:31:33.358909+00	2
11	manage_profiles	t	2026-04-15 17:31:33.359436+00	2026-04-15 17:31:33.359439+00	2
12	manage_schedules	t	2026-04-15 17:31:33.35998+00	2026-04-15 17:31:33.359984+00	2
13	view_system_health	t	2026-04-15 17:31:33.360524+00	2026-04-15 17:31:33.360527+00	2
16	generate_reports	t	2026-04-15 17:31:33.362118+00	2026-04-15 17:31:33.362121+00	2
17	manage_users	f	2026-04-15 17:31:33.36346+00	2026-04-15 17:31:33.363463+00	3
18	manage_settings	f	2026-04-15 17:31:33.363988+00	2026-04-15 17:31:33.363991+00	3
19	manage_profiles	f	2026-04-15 17:31:33.364505+00	2026-04-15 17:31:33.364508+00	3
20	manage_schedules	t	2026-04-15 17:31:33.365011+00	2026-04-15 17:31:33.365013+00	3
21	view_system_health	t	2026-04-15 17:31:33.365524+00	2026-04-15 17:31:33.365527+00	3
24	generate_reports	t	2026-04-15 17:31:33.368006+00	2026-04-15 17:31:33.36801+00	3
25	manage_users	f	2026-04-15 17:31:33.369796+00	2026-04-15 17:31:33.3698+00	4
26	manage_settings	f	2026-04-15 17:31:33.370394+00	2026-04-15 17:31:33.370397+00	4
27	manage_profiles	f	2026-04-15 17:31:33.370956+00	2026-04-15 17:31:33.370959+00	4
28	manage_schedules	f	2026-04-15 17:31:33.371522+00	2026-04-15 17:31:33.371525+00	4
29	view_system_health	t	2026-04-15 17:31:33.37208+00	2026-04-15 17:31:33.372082+00	4
32	generate_reports	t	2026-04-15 17:31:33.37393+00	2026-04-15 17:31:33.373933+00	4
33	manage_users	f	2026-04-15 17:31:33.374961+00	2026-04-15 17:31:33.374964+00	5
34	manage_settings	f	2026-04-15 17:31:33.375486+00	2026-04-15 17:31:33.375489+00	5
35	manage_profiles	f	2026-04-15 17:31:33.376012+00	2026-04-15 17:31:33.376015+00	5
36	manage_schedules	f	2026-04-15 17:31:33.376601+00	2026-04-15 17:31:33.376604+00	5
37	view_system_health	t	2026-04-15 17:31:33.377145+00	2026-04-15 17:31:33.377148+00	5
40	generate_reports	f	2026-04-15 17:31:33.378901+00	2026-04-15 17:31:33.378904+00	5
41	view_dashboard	t	2026-04-16 18:35:18.119372+00	2026-04-16 18:35:18.119382+00	1
42	view_targets	t	2026-04-16 18:35:18.120842+00	2026-04-16 18:35:18.120846+00	1
43	manage_targets	t	2026-04-16 18:35:18.121321+00	2026-04-16 18:35:18.121324+00	1
44	view_scans	t	2026-04-16 18:35:18.121726+00	2026-04-16 18:35:18.121729+00	1
45	create_scan_request	t	2026-04-16 18:35:18.12211+00	2026-04-16 18:35:18.122113+00	1
46	control_scan_executions	t	2026-04-16 18:35:18.12249+00	2026-04-16 18:35:18.122493+00	1
47	view_results	t	2026-04-16 18:35:18.122857+00	2026-04-16 18:35:18.12286+00	1
48	compare_results	t	2026-04-16 18:35:18.123219+00	2026-04-16 18:35:18.123222+00	1
49	view_history	t	2026-04-16 18:35:18.123592+00	2026-04-16 18:35:18.123595+00	1
50	manage_history	t	2026-04-16 18:35:18.123956+00	2026-04-16 18:35:18.123959+00	1
51	view_reports	t	2026-04-16 18:35:18.124316+00	2026-04-16 18:35:18.124318+00	1
52	manage_reports	t	2026-04-16 18:35:18.124878+00	2026-04-16 18:35:18.124881+00	1
53	view_schedules	t	2026-04-16 18:35:18.125234+00	2026-04-16 18:35:18.125237+00	1
54	view_notifications	t	2026-04-16 18:35:18.125787+00	2026-04-16 18:35:18.125791+00	1
55	view_assets	t	2026-04-16 18:35:18.126141+00	2026-04-16 18:35:18.126144+00	1
56	manage_assets	t	2026-04-16 18:35:18.126502+00	2026-04-16 18:35:18.126505+00	1
57	manage_roles	t	2026-04-16 18:35:18.127256+00	2026-04-16 18:35:18.127259+00	1
58	view_dashboard	t	2026-04-16 18:35:18.12847+00	2026-04-16 18:35:18.128474+00	2
59	view_targets	t	2026-04-16 18:35:18.128849+00	2026-04-16 18:35:18.128852+00	2
60	manage_targets	t	2026-04-16 18:35:18.12921+00	2026-04-16 18:35:18.129213+00	2
61	view_scans	t	2026-04-16 18:35:18.129561+00	2026-04-16 18:35:18.129564+00	2
62	create_scan_request	t	2026-04-16 18:35:18.129905+00	2026-04-16 18:35:18.129907+00	2
63	control_scan_executions	t	2026-04-16 18:35:18.130248+00	2026-04-16 18:35:18.130251+00	2
64	view_results	t	2026-04-16 18:35:18.130589+00	2026-04-16 18:35:18.130591+00	2
65	compare_results	t	2026-04-16 18:35:18.130929+00	2026-04-16 18:35:18.130932+00	2
66	view_history	t	2026-04-16 18:35:18.131284+00	2026-04-16 18:35:18.131287+00	2
67	manage_history	t	2026-04-16 18:35:18.131638+00	2026-04-16 18:35:18.131641+00	2
68	view_reports	t	2026-04-16 18:35:18.13199+00	2026-04-16 18:35:18.131993+00	2
69	manage_reports	t	2026-04-16 18:35:18.132526+00	2026-04-16 18:35:18.132529+00	2
70	view_schedules	t	2026-04-16 18:35:18.132863+00	2026-04-16 18:35:18.132866+00	2
71	view_notifications	t	2026-04-16 18:35:18.133384+00	2026-04-16 18:35:18.133386+00	2
72	view_assets	t	2026-04-16 18:35:18.133724+00	2026-04-16 18:35:18.133727+00	2
73	manage_assets	t	2026-04-16 18:35:18.134055+00	2026-04-16 18:35:18.134057+00	2
74	manage_roles	f	2026-04-16 18:35:18.134777+00	2026-04-16 18:35:18.13478+00	2
75	view_dashboard	t	2026-04-16 18:35:18.135933+00	2026-04-16 18:35:18.135937+00	3
76	view_targets	t	2026-04-16 18:35:18.136294+00	2026-04-16 18:35:18.136296+00	3
77	manage_targets	f	2026-04-16 18:35:18.136638+00	2026-04-16 18:35:18.136641+00	3
78	view_scans	t	2026-04-16 18:35:18.136978+00	2026-04-16 18:35:18.136981+00	3
79	create_scan_request	t	2026-04-16 18:35:18.137321+00	2026-04-16 18:35:18.137324+00	3
80	control_scan_executions	f	2026-04-16 18:35:18.137664+00	2026-04-16 18:35:18.137667+00	3
81	view_results	t	2026-04-16 18:35:18.138024+00	2026-04-16 18:35:18.138027+00	3
82	compare_results	t	2026-04-16 18:35:18.138386+00	2026-04-16 18:35:18.138389+00	3
83	view_history	t	2026-04-16 18:35:18.138722+00	2026-04-16 18:35:18.138724+00	3
84	manage_history	f	2026-04-16 18:35:18.139051+00	2026-04-16 18:35:18.139053+00	3
85	view_reports	t	2026-04-16 18:35:18.139387+00	2026-04-16 18:35:18.139389+00	3
86	manage_reports	f	2026-04-16 18:35:18.139902+00	2026-04-16 18:35:18.139904+00	3
87	view_schedules	f	2026-04-16 18:35:18.140245+00	2026-04-16 18:35:18.140247+00	3
88	view_notifications	t	2026-04-16 18:35:18.140787+00	2026-04-16 18:35:18.14079+00	3
89	view_assets	t	2026-04-16 18:35:18.141135+00	2026-04-16 18:35:18.141138+00	3
90	manage_assets	f	2026-04-16 18:35:18.1415+00	2026-04-16 18:35:18.141503+00	3
91	manage_roles	f	2026-04-16 18:35:18.142213+00	2026-04-16 18:35:18.142216+00	3
92	view_dashboard	t	2026-04-16 18:35:18.143352+00	2026-04-16 18:35:18.143355+00	4
93	view_targets	t	2026-04-16 18:35:18.143707+00	2026-04-16 18:35:18.14371+00	4
94	manage_targets	f	2026-04-16 18:35:18.14405+00	2026-04-16 18:35:18.144053+00	4
95	view_scans	t	2026-04-16 18:35:18.144401+00	2026-04-16 18:35:18.144403+00	4
96	create_scan_request	t	2026-04-16 18:35:18.144869+00	2026-04-16 18:35:18.144872+00	4
97	control_scan_executions	t	2026-04-16 18:35:18.145498+00	2026-04-16 18:35:18.145501+00	4
98	view_results	t	2026-04-16 18:35:18.146171+00	2026-04-16 18:35:18.146173+00	4
99	compare_results	t	2026-04-16 18:35:18.147007+00	2026-04-16 18:35:18.14701+00	4
100	view_history	t	2026-04-16 18:35:18.147985+00	2026-04-16 18:35:18.147987+00	4
101	manage_history	f	2026-04-16 18:35:18.148408+00	2026-04-16 18:35:18.148411+00	4
102	view_reports	f	2026-04-16 18:35:18.148794+00	2026-04-16 18:35:18.148797+00	4
103	manage_reports	f	2026-04-16 18:35:18.149688+00	2026-04-16 18:35:18.149691+00	4
104	view_schedules	f	2026-04-16 18:35:18.152247+00	2026-04-16 18:35:18.15225+00	4
105	view_notifications	t	2026-04-16 18:35:18.152868+00	2026-04-16 18:35:18.152871+00	4
106	view_assets	f	2026-04-16 18:35:18.15322+00	2026-04-16 18:35:18.153223+00	4
107	manage_assets	f	2026-04-16 18:35:18.153562+00	2026-04-16 18:35:18.153565+00	4
108	manage_roles	f	2026-04-16 18:35:18.154298+00	2026-04-16 18:35:18.154301+00	4
109	view_dashboard	t	2026-04-16 18:35:18.155533+00	2026-04-16 18:35:18.155536+00	5
110	view_targets	t	2026-04-16 18:35:18.155924+00	2026-04-16 18:35:18.155927+00	5
111	manage_targets	f	2026-04-16 18:35:18.156281+00	2026-04-16 18:35:18.156283+00	5
112	view_scans	t	2026-04-16 18:35:18.156646+00	2026-04-16 18:35:18.156649+00	5
113	create_scan_request	f	2026-04-16 18:35:18.157007+00	2026-04-16 18:35:18.15701+00	5
114	control_scan_executions	f	2026-04-16 18:35:18.157352+00	2026-04-16 18:35:18.157355+00	5
115	view_results	t	2026-04-16 18:35:18.157693+00	2026-04-16 18:35:18.157695+00	5
116	compare_results	f	2026-04-16 18:35:18.15803+00	2026-04-16 18:35:18.158032+00	5
117	view_history	t	2026-04-16 18:35:18.158372+00	2026-04-16 18:35:18.158375+00	5
118	manage_history	f	2026-04-16 18:35:18.158709+00	2026-04-16 18:35:18.158711+00	5
119	view_reports	t	2026-04-16 18:35:18.159051+00	2026-04-16 18:35:18.159054+00	5
120	manage_reports	f	2026-04-16 18:35:18.160031+00	2026-04-16 18:35:18.160033+00	5
121	view_schedules	f	2026-04-16 18:35:18.161408+00	2026-04-16 18:35:18.161413+00	5
122	view_notifications	t	2026-04-16 18:35:18.162368+00	2026-04-16 18:35:18.162372+00	5
123	view_assets	t	2026-04-16 18:35:18.163121+00	2026-04-16 18:35:18.163125+00	5
124	manage_assets	f	2026-04-16 18:35:18.164523+00	2026-04-16 18:35:18.164528+00	5
125	manage_roles	f	2026-04-16 18:35:18.16733+00	2026-04-16 18:35:18.167334+00	5
\.


--
-- Data for Name: ops_role; Type: TABLE DATA; Schema: public; Owner: -
--

COPY public.ops_role (id, name, slug, description, is_system, created_at, updated_at) FROM stdin;
1	Super Admin	super_admin	Platform-level administrative authority.	t	2026-04-15 17:31:33.349179+00	2026-04-15 17:31:33.349189+00
2	Security Admin	security_admin	Security governance and policy administration.	t	2026-04-15 17:31:33.357801+00	2026-04-15 17:31:33.357804+00
3	Analyst	analyst	Investigation and analysis workflows.	t	2026-04-15 17:31:33.362917+00	2026-04-15 17:31:33.36292+00
4	Operator	operator	Operational scan execution role.	t	2026-04-15 17:31:33.369043+00	2026-04-15 17:31:33.36905+00
5	Viewer	viewer	Read-only role for approved observers.	t	2026-04-15 17:31:33.374414+00	2026-04-15 17:31:33.374417+00
\.


--
-- Data for Name: ops_systemhealthsnapshot; Type: TABLE DATA; Schema: public; Owner: -
--

COPY public.ops_systemhealthsnapshot (id, service_name, status, summary, metadata_json, checked_at, created_at) FROM stdin;
1	django_app	healthy	Seeded healthy app state.	{"source": "seed"}	2026-04-15 17:31:33.401756+00	2026-04-15 17:31:33.402513+00
2	database	healthy	Seeded healthy database state.	{"source": "seed"}	2026-04-15 17:31:33.401756+00	2026-04-15 17:31:33.402518+00
3	nmap_binary	warning	Seeded warning state for nmap binary.	{"source": "seed"}	2026-04-15 17:31:33.401756+00	2026-04-15 17:31:33.402522+00
4	django_app	healthy	Django application process is responsive.	{"debug": true}	2026-04-15 17:32:29.493826+00	2026-04-15 17:32:29.497241+00
5	database	healthy	Database connection is healthy.	{}	2026-04-15 17:32:29.493826+00	2026-04-15 17:32:29.497681+00
6	nmap_binary	healthy	Nmap binary detected at /usr/bin/nmap.	{"path": "/usr/bin/nmap"}	2026-04-15 17:32:29.493826+00	2026-04-15 17:32:29.497973+00
7	queue_service	unknown	Queue backend is not configured.	{"broker": "missing", "queued_jobs": 0}	2026-04-15 17:32:29.493826+00	2026-04-15 17:32:29.498243+00
8	scheduler	healthy	Scheduler has enabled plans and no overdue runs.	{"overdue": 0, "enabled_schedules": 2}	2026-04-15 17:32:29.493826+00	2026-04-15 17:32:29.498521+00
9	storage	error	Storage paths are not writable.	{"media_writable": false, "static_writable": false}	2026-04-15 17:32:29.493826+00	2026-04-15 17:32:29.498822+00
10	django_app	healthy	Django application process is responsive.	{"debug": true}	2026-04-15 17:32:29.524367+00	2026-04-15 17:32:29.526542+00
11	database	healthy	Database connection is healthy.	{}	2026-04-15 17:32:29.524367+00	2026-04-15 17:32:29.527533+00
12	nmap_binary	healthy	Nmap binary detected at /usr/bin/nmap.	{"path": "/usr/bin/nmap"}	2026-04-15 17:32:29.524367+00	2026-04-15 17:32:29.528053+00
13	queue_service	unknown	Queue backend is not configured.	{"broker": "missing", "queued_jobs": 0}	2026-04-15 17:32:29.524367+00	2026-04-15 17:32:29.52854+00
14	scheduler	healthy	Scheduler has enabled plans and no overdue runs.	{"overdue": 0, "enabled_schedules": 2}	2026-04-15 17:32:29.524367+00	2026-04-15 17:32:29.529008+00
15	storage	error	Storage paths are not writable.	{"media_writable": false, "static_writable": false}	2026-04-15 17:32:29.524367+00	2026-04-15 17:32:29.529518+00
16	django_app	healthy	Django application process is responsive.	{"debug": true}	2026-04-15 17:33:32.791868+00	2026-04-15 17:33:32.794953+00
17	database	healthy	Database connection is healthy.	{}	2026-04-15 17:33:32.791868+00	2026-04-15 17:33:32.797662+00
18	nmap_binary	healthy	Nmap binary detected at /usr/bin/nmap.	{"path": "/usr/bin/nmap"}	2026-04-15 17:33:32.791868+00	2026-04-15 17:33:32.798036+00
19	queue_service	unknown	Queue backend is not configured.	{"broker": "missing", "queued_jobs": 0}	2026-04-15 17:33:32.791868+00	2026-04-15 17:33:32.798463+00
20	scheduler	healthy	Scheduler has enabled plans and no overdue runs.	{"overdue": 0, "enabled_schedules": 2}	2026-04-15 17:33:32.791868+00	2026-04-15 17:33:32.799316+00
21	storage	error	Storage paths are not writable.	{"media_writable": false, "static_writable": false}	2026-04-15 17:33:32.791868+00	2026-04-15 17:33:32.799834+00
22	django_app	healthy	Django application process is responsive.	{"debug": true}	2026-04-15 17:33:32.82776+00	2026-04-15 17:33:32.82881+00
23	database	healthy	Database connection is healthy.	{}	2026-04-15 17:33:32.82776+00	2026-04-15 17:33:32.829904+00
24	nmap_binary	healthy	Nmap binary detected at /usr/bin/nmap.	{"path": "/usr/bin/nmap"}	2026-04-15 17:33:32.82776+00	2026-04-15 17:33:32.830383+00
25	queue_service	unknown	Queue backend is not configured.	{"broker": "missing", "queued_jobs": 0}	2026-04-15 17:33:32.82776+00	2026-04-15 17:33:32.831055+00
26	scheduler	healthy	Scheduler has enabled plans and no overdue runs.	{"overdue": 0, "enabled_schedules": 2}	2026-04-15 17:33:32.82776+00	2026-04-15 17:33:32.832122+00
27	storage	error	Storage paths are not writable.	{"media_writable": false, "static_writable": false}	2026-04-15 17:33:32.82776+00	2026-04-15 17:33:32.832621+00
28	django_app	healthy	Demo seed: Django app process healthy.	{"response_ms": 22}	2026-04-15 17:53:15.741367+00	2026-04-15 17:52:11.410563+00
29	database	healthy	Demo seed: Database connectivity healthy.	{"latency_ms": 12}	2026-04-15 17:53:15.741367+00	2026-04-15 17:52:11.411607+00
30	nmap_binary	healthy	Demo seed: Nmap binary available in PATH.	{"binary": "nmap"}	2026-04-15 17:53:15.741367+00	2026-04-15 17:52:11.412363+00
31	queue_service	warning	Demo seed: Queue backlog elevated on one worker.	{"queued_jobs": 8}	2026-04-15 17:53:15.741367+00	2026-04-15 17:52:11.412818+00
32	scheduler	healthy	Demo seed: Scheduler active with no overdue critical jobs.	{"enabled_schedules": 4}	2026-04-15 17:53:15.741367+00	2026-04-15 17:52:11.413541+00
33	storage	healthy	Demo seed: Storage paths writable.	{"media_writable": true, "static_writable": true}	2026-04-15 17:53:15.741367+00	2026-04-15 17:52:11.414454+00
34	django_app	healthy	Django application process is responsive.	{"debug": true}	2026-04-15 18:45:21.147843+00	2026-04-15 18:45:21.150456+00
35	database	healthy	Database connection is healthy.	{}	2026-04-15 18:45:21.147843+00	2026-04-15 18:45:21.151404+00
36	nmap_binary	healthy	Nmap binary detected at /usr/bin/nmap.	{"path": "/usr/bin/nmap"}	2026-04-15 18:45:21.147843+00	2026-04-15 18:45:21.152018+00
37	queue_service	warning	No queue backend configured but 1 queued jobs exist.	{"broker": "missing", "queued_jobs": 1}	2026-04-15 18:45:21.147843+00	2026-04-15 18:45:21.152539+00
38	scheduler	healthy	Scheduler has enabled plans and no overdue runs.	{"overdue": 0, "enabled_schedules": 6}	2026-04-15 18:45:21.147843+00	2026-04-15 18:45:21.153011+00
39	storage	healthy	Static and media storage paths are writable.	{"media": "/home/jaki/Dev/scanops/media_root/media", "static": "/home/jaki/Dev/scanops/static_root/static"}	2026-04-15 18:45:21.147843+00	2026-04-15 18:45:21.153518+00
40	django_app	healthy	Django application process is responsive.	{"debug": true}	2026-04-15 19:07:37.7856+00	2026-04-15 19:07:37.788341+00
41	database	healthy	Database connection is healthy.	{}	2026-04-15 19:07:37.7856+00	2026-04-15 19:07:37.790099+00
42	nmap_binary	healthy	Nmap binary detected at /usr/bin/nmap.	{"path": "/usr/bin/nmap"}	2026-04-15 19:07:37.7856+00	2026-04-15 19:07:37.790763+00
43	queue_service	unknown	Queue backend is not configured.	{"broker": "missing", "queued_jobs": 0}	2026-04-15 19:07:37.7856+00	2026-04-15 19:07:37.791506+00
44	scheduler	healthy	Scheduler has enabled plans and no overdue runs.	{"overdue": 0, "enabled_schedules": 6}	2026-04-15 19:07:37.7856+00	2026-04-15 19:07:37.79208+00
45	storage	healthy	Static and media storage paths are writable.	{"media": "/home/jaki/Dev/scanops/media_root/media", "static": "/home/jaki/Dev/scanops/static_root/static"}	2026-04-15 19:07:37.7856+00	2026-04-15 19:07:37.792576+00
\.


--
-- Data for Name: ops_userprofile; Type: TABLE DATA; Schema: public; Owner: -
--

COPY public.ops_userprofile (id, display_name, is_approved, is_internal_operator, allowed_workspace, notes, force_password_reset, last_seen_at, created_at, updated_at, role_id, user_id) FROM stdin;
3	phase4_tester	t	t			f	\N	2026-04-15 17:34:23.548828+00	2026-04-16 18:35:18.241916+00	4	3
1	Ops Admin	t	t			f	2026-04-15 17:34:23.46887+00	2026-04-15 17:32:11.563968+00	2026-04-15 17:34:23.468914+00	2	4
8	Analyst One	t	t	Threat Analysis	Demo seeded user for role Analyst.	f	\N	2026-04-15 17:52:10.835715+00	2026-04-15 17:53:16.013153+00	3	8
9	Analyst Two	t	t	Threat Analysis	Demo seeded user for role Analyst.	f	\N	2026-04-15 17:52:10.922099+00	2026-04-15 17:53:16.096608+00	3	9
10	Operator One	t	t	Network Operations	Demo seeded user for role Operator.	f	\N	2026-04-15 17:52:11.008741+00	2026-04-15 17:53:16.177832+00	4	10
11	Operator Two	t	t	Network Operations	Demo seeded user for role Operator.	f	\N	2026-04-15 17:52:11.09503+00	2026-04-15 17:53:16.259966+00	4	11
7	Security Admin	t	t	Security Governance	Demo seeded user for role Security Admin.	f	2026-04-15 18:21:23.74115+00	2026-04-15 17:52:10.750793+00	2026-04-15 18:21:23.741195+00	2	7
6	Super Admin	t	t	Global Security Operations	Demo seeded user for role Super Admin.	f	2026-04-15 19:08:47.678801+00	2026-04-15 17:52:10.659958+00	2026-04-15 19:08:47.678828+00	1	6
12	Viewer One	t	f	Audit & Oversight	Demo seeded user for role Viewer.	f	2026-04-15 19:11:05.645499+00	2026-04-15 17:52:11.180198+00	2026-04-15 19:11:05.645529+00	5	12
5	Abdullah Al Mohin Jaki	t	t			f	2026-04-15 19:07:43.47355+00	2026-04-15 17:34:23.552565+00	2026-04-16 18:35:18.236386+00	1	1
4	phase2tester	t	t			f	\N	2026-04-15 17:34:23.551637+00	2026-04-16 18:35:18.239419+00	1	2
\.


--
-- Data for Name: ops_workerstatussnapshot; Type: TABLE DATA; Schema: public; Owner: -
--

COPY public.ops_workerstatussnapshot (id, worker_name, status, active_jobs_count, queued_jobs_count, failed_jobs_count, heartbeat_at, metadata_json, created_at) FROM stdin;
1	worker-alpha	online	3	2	0	2026-04-15 17:52:40.741367+00	{"seed_ref": "worker:worker-alpha"}	2026-04-15 17:31:33.401871+00
2	worker-bravo	degraded	1	6	2	2026-04-15 17:45:15.741367+00	{"seed_ref": "worker:worker-bravo"}	2026-04-15 17:31:33.401878+00
3	worker-charlie	offline	0	0	4	2026-04-15 17:05:15.741367+00	{"seed_ref": "worker:worker-charlie"}	2026-04-15 17:31:33.401883+00
\.


--
-- Data for Name: reports_generatedreport; Type: TABLE DATA; Schema: public; Owner: -
--

COPY public.reports_generatedreport (id, title, report_type, format, status, summary, report_payload_json, rendered_html, generated_file_path, created_at, updated_at, asset_id, comparison_left_result_id, comparison_right_result_id, generated_by_id, report_template_id, source_execution_id, source_result_id) FROM stdin;
1	Seeded Report EXE-20260415-23119FBC	technical_report	html	generated	Host 10.10.10.10: 8 open ports, 8 services detected.	{"asset": {}, "result": {"id": 2, "ports": [{"port": 22, "state": "open", "protocol": "tcp", "risk_level": "low", "service_name": "ssh", "service_version": "OpenSSH 8.2p1"}, {"port": 53, "state": "open", "protocol": "udp", "risk_level": "info", "service_name": "domain", "service_version": "BIND 9.16"}, {"port": 123, "state": "open", "protocol": "udp", "risk_level": "info", "service_name": "ntp", "service_version": "NTP daemon"}, {"port": 443, "state": "open", "protocol": "tcp", "risk_level": "low", "service_name": "https", "service_version": "nginx 1.20.1"}, {"port": 3389, "state": "open", "protocol": "tcp", "risk_level": "high", "service_name": "ms-wbt-server", "service_version": "RDP Service"}, {"port": 5432, "state": "open", "protocol": "tcp", "risk_level": "medium", "service_name": "postgresql", "service_version": "PostgreSQL 14"}, {"port": 8080, "state": "open", "protocol": "tcp", "risk_level": "medium", "service_name": "http-proxy", "service_version": "Squid 4.10"}, {"port": 8443, "state": "open", "protocol": "tcp", "risk_level": "medium", "service_name": "https-alt", "service_version": "Jetty 9"}], "target": "10.10.10.10", "os_guess": "Ubuntu 22.04", "services": 8, "open_ports": 8, "host_status": "up", "closed_ports": 980, "execution_id": "EXE-20260415-23119FBC", "generated_at": "2026-04-15T13:02:56.187698+00:00", "filtered_ports": 12, "high_risk_count": 1, "duration_seconds": 12, "medium_risk_count": 3}, "sections": {"ports": true, "summary": true, "findings": true, "services": true, "timeline": false}, "execution": {}, "comparison": {}, "report_type": "technical_report", "generated_at": "2026-04-15T13:39:11.498907+00:00", "summary_notes": "Auto-seeded for development UI validation."}	<div style="font-family: Public Sans, Inter, sans-serif; color: #e2e8f0;">\n    <h2 style="margin:0 0 8px 0; color:#fff;">Seeded Report EXE-20260415-23119FBC</h2>\n    <p style="margin:0 0 16px 0; color:#94a3b8;">Generated at 2026-04-15T13:39:11.498907+00:00</p>\n\n    \n        <div style="padding:12px; border:1px solid rgba(59,130,246,0.35); border-radius:8px; margin-bottom:16px;">\n            <strong>Analyst Notes:</strong> Auto-seeded for development UI validation.\n        </div>\n    \n\n    \n        <h3 style="color:#93c5fd;">Result Overview</h3>\n        <p>Target 10.10.10.10 returned 8 open ports and 8 services.</p>\n    \n\n    \n\n    \n\n    \n\n    \n        <h3 style="color:#93c5fd;">Port Details</h3>\n        <table style="width:100%; border-collapse:collapse; font-size:12px;">\n            <thead>\n            <tr>\n                <th style="text-align:left; border-bottom:1px solid #334155; padding:6px;">Port</th>\n                <th style="text-align:left; border-bottom:1px solid #334155; padding:6px;">Protocol</th>\n                <th style="text-align:left; border-bottom:1px solid #334155; padding:6px;">State</th>\n                <th style="text-align:left; border-bottom:1px solid #334155; padding:6px;">Service</th>\n                <th style="text-align:left; border-bottom:1px solid #334155; padding:6px;">Risk</th>\n            </tr>\n            </thead>\n            <tbody>\n            \n                <tr>\n                    <td style="padding:6px; border-bottom:1px solid #1e293b;">22</td>\n                    <td style="padding:6px; border-bottom:1px solid #1e293b;">tcp</td>\n                    <td style="padding:6px; border-bottom:1px solid #1e293b;">open</td>\n                    <td style="padding:6px; border-bottom:1px solid #1e293b;">ssh OpenSSH 8.2p1</td>\n                    <td style="padding:6px; border-bottom:1px solid #1e293b;">low</td>\n                </tr>\n            \n                <tr>\n                    <td style="padding:6px; border-bottom:1px solid #1e293b;">53</td>\n                    <td style="padding:6px; border-bottom:1px solid #1e293b;">udp</td>\n                    <td style="padding:6px; border-bottom:1px solid #1e293b;">open</td>\n                    <td style="padding:6px; border-bottom:1px solid #1e293b;">domain BIND 9.16</td>\n                    <td style="padding:6px; border-bottom:1px solid #1e293b;">info</td>\n                </tr>\n            \n                <tr>\n                    <td style="padding:6px; border-bottom:1px solid #1e293b;">123</td>\n                    <td style="padding:6px; border-bottom:1px solid #1e293b;">udp</td>\n                    <td style="padding:6px; border-bottom:1px solid #1e293b;">open</td>\n                    <td style="padding:6px; border-bottom:1px solid #1e293b;">ntp NTP daemon</td>\n                    <td style="padding:6px; border-bottom:1px solid #1e293b;">info</td>\n                </tr>\n            \n                <tr>\n                    <td style="padding:6px; border-bottom:1px solid #1e293b;">443</td>\n                    <td style="padding:6px; border-bottom:1px solid #1e293b;">tcp</td>\n                    <td style="padding:6px; border-bottom:1px solid #1e293b;">open</td>\n                    <td style="padding:6px; border-bottom:1px solid #1e293b;">https nginx 1.20.1</td>\n                    <td style="padding:6px; border-bottom:1px solid #1e293b;">low</td>\n                </tr>\n            \n                <tr>\n                    <td style="padding:6px; border-bottom:1px solid #1e293b;">3389</td>\n                    <td style="padding:6px; border-bottom:1px solid #1e293b;">tcp</td>\n                    <td style="padding:6px; border-bottom:1px solid #1e293b;">open</td>\n                    <td style="padding:6px; border-bottom:1px solid #1e293b;">ms-wbt-server RDP Service</td>\n                    <td style="padding:6px; border-bottom:1px solid #1e293b;">high</td>\n                </tr>\n            \n                <tr>\n                    <td style="padding:6px; border-bottom:1px solid #1e293b;">5432</td>\n                    <td style="padding:6px; border-bottom:1px solid #1e293b;">tcp</td>\n                    <td style="padding:6px; border-bottom:1px solid #1e293b;">open</td>\n                    <td style="padding:6px; border-bottom:1px solid #1e293b;">postgresql PostgreSQL 14</td>\n                    <td style="padding:6px; border-bottom:1px solid #1e293b;">medium</td>\n                </tr>\n            \n                <tr>\n                    <td style="padding:6px; border-bottom:1px solid #1e293b;">8080</td>\n                    <td style="padding:6px; border-bottom:1px solid #1e293b;">tcp</td>\n                    <td style="padding:6px; border-bottom:1px solid #1e293b;">open</td>\n                    <td style="padding:6px; border-bottom:1px solid #1e293b;">http-proxy Squid 4.10</td>\n                    <td style="padding:6px; border-bottom:1px solid #1e293b;">medium</td>\n                </tr>\n            \n                <tr>\n                    <td style="padding:6px; border-bottom:1px solid #1e293b;">8443</td>\n                    <td style="padding:6px; border-bottom:1px solid #1e293b;">tcp</td>\n                    <td style="padding:6px; border-bottom:1px solid #1e293b;">open</td>\n                    <td style="padding:6px; border-bottom:1px solid #1e293b;">https-alt Jetty 9</td>\n                    <td style="padding:6px; border-bottom:1px solid #1e293b;">medium</td>\n                </tr>\n            \n            </tbody>\n        </table>\n    \n</div>\n		2026-04-15 13:39:11.503467+00	2026-04-15 13:39:11.503477+00	\N	\N	\N	1	\N	\N	2
2	Seeded Report EXE-20260415-31A1DA35	per_host_report	html	generated	Host 10.10.10.10: 7 open ports, 7 services detected.	{"asset": {}, "result": {"id": 1, "ports": [{"port": 22, "state": "open", "protocol": "tcp", "risk_level": "low", "service_name": "ssh", "service_version": "OpenSSH 8.2p1"}, {"port": 80, "state": "open", "protocol": "tcp", "risk_level": "low", "service_name": "http", "service_version": "nginx 1.18.0"}, {"port": 123, "state": "open", "protocol": "udp", "risk_level": "info", "service_name": "ntp", "service_version": "NTP daemon"}, {"port": 3306, "state": "open", "protocol": "tcp", "risk_level": "high", "service_name": "mysql", "service_version": "MySQL 8.0.28"}, {"port": 3389, "state": "open", "protocol": "tcp", "risk_level": "high", "service_name": "ms-wbt-server", "service_version": "RDP Service"}, {"port": 5432, "state": "open", "protocol": "tcp", "risk_level": "medium", "service_name": "postgresql", "service_version": "PostgreSQL 14"}, {"port": 8080, "state": "open", "protocol": "tcp", "risk_level": "medium", "service_name": "http-proxy", "service_version": "Squid 4.10"}], "target": "10.10.10.10", "os_guess": "FreeBSD 13", "services": 7, "open_ports": 7, "host_status": "up", "closed_ports": 969, "execution_id": "EXE-20260415-31A1DA35", "generated_at": "2026-04-15T13:02:43.830395+00:00", "filtered_ports": 24, "high_risk_count": 2, "duration_seconds": 64, "medium_risk_count": 2}, "sections": {"ports": true, "summary": true, "findings": true, "services": true, "timeline": false}, "execution": {}, "comparison": {}, "report_type": "per_host_report", "generated_at": "2026-04-15T13:39:11.507843+00:00", "summary_notes": "Auto-seeded for development UI validation."}	<div style="font-family: Public Sans, Inter, sans-serif; color: #e2e8f0;">\n    <h2 style="margin:0 0 8px 0; color:#fff;">Seeded Report EXE-20260415-31A1DA35</h2>\n    <p style="margin:0 0 16px 0; color:#94a3b8;">Generated at 2026-04-15T13:39:11.507843+00:00</p>\n\n    \n        <div style="padding:12px; border:1px solid rgba(59,130,246,0.35); border-radius:8px; margin-bottom:16px;">\n            <strong>Analyst Notes:</strong> Auto-seeded for development UI validation.\n        </div>\n    \n\n    \n        <h3 style="color:#93c5fd;">Result Overview</h3>\n        <p>Target 10.10.10.10 returned 7 open ports and 7 services.</p>\n    \n\n    \n\n    \n\n    \n\n    \n        <h3 style="color:#93c5fd;">Port Details</h3>\n        <table style="width:100%; border-collapse:collapse; font-size:12px;">\n            <thead>\n            <tr>\n                <th style="text-align:left; border-bottom:1px solid #334155; padding:6px;">Port</th>\n                <th style="text-align:left; border-bottom:1px solid #334155; padding:6px;">Protocol</th>\n                <th style="text-align:left; border-bottom:1px solid #334155; padding:6px;">State</th>\n                <th style="text-align:left; border-bottom:1px solid #334155; padding:6px;">Service</th>\n                <th style="text-align:left; border-bottom:1px solid #334155; padding:6px;">Risk</th>\n            </tr>\n            </thead>\n            <tbody>\n            \n                <tr>\n                    <td style="padding:6px; border-bottom:1px solid #1e293b;">22</td>\n                    <td style="padding:6px; border-bottom:1px solid #1e293b;">tcp</td>\n                    <td style="padding:6px; border-bottom:1px solid #1e293b;">open</td>\n                    <td style="padding:6px; border-bottom:1px solid #1e293b;">ssh OpenSSH 8.2p1</td>\n                    <td style="padding:6px; border-bottom:1px solid #1e293b;">low</td>\n                </tr>\n            \n                <tr>\n                    <td style="padding:6px; border-bottom:1px solid #1e293b;">80</td>\n                    <td style="padding:6px; border-bottom:1px solid #1e293b;">tcp</td>\n                    <td style="padding:6px; border-bottom:1px solid #1e293b;">open</td>\n                    <td style="padding:6px; border-bottom:1px solid #1e293b;">http nginx 1.18.0</td>\n                    <td style="padding:6px; border-bottom:1px solid #1e293b;">low</td>\n                </tr>\n            \n                <tr>\n                    <td style="padding:6px; border-bottom:1px solid #1e293b;">123</td>\n                    <td style="padding:6px; border-bottom:1px solid #1e293b;">udp</td>\n                    <td style="padding:6px; border-bottom:1px solid #1e293b;">open</td>\n                    <td style="padding:6px; border-bottom:1px solid #1e293b;">ntp NTP daemon</td>\n                    <td style="padding:6px; border-bottom:1px solid #1e293b;">info</td>\n                </tr>\n            \n                <tr>\n                    <td style="padding:6px; border-bottom:1px solid #1e293b;">3306</td>\n                    <td style="padding:6px; border-bottom:1px solid #1e293b;">tcp</td>\n                    <td style="padding:6px; border-bottom:1px solid #1e293b;">open</td>\n                    <td style="padding:6px; border-bottom:1px solid #1e293b;">mysql MySQL 8.0.28</td>\n                    <td style="padding:6px; border-bottom:1px solid #1e293b;">high</td>\n                </tr>\n            \n                <tr>\n                    <td style="padding:6px; border-bottom:1px solid #1e293b;">3389</td>\n                    <td style="padding:6px; border-bottom:1px solid #1e293b;">tcp</td>\n                    <td style="padding:6px; border-bottom:1px solid #1e293b;">open</td>\n                    <td style="padding:6px; border-bottom:1px solid #1e293b;">ms-wbt-server RDP Service</td>\n                    <td style="padding:6px; border-bottom:1px solid #1e293b;">high</td>\n                </tr>\n            \n                <tr>\n                    <td style="padding:6px; border-bottom:1px solid #1e293b;">5432</td>\n                    <td style="padding:6px; border-bottom:1px solid #1e293b;">tcp</td>\n                    <td style="padding:6px; border-bottom:1px solid #1e293b;">open</td>\n                    <td style="padding:6px; border-bottom:1px solid #1e293b;">postgresql PostgreSQL 14</td>\n                    <td style="padding:6px; border-bottom:1px solid #1e293b;">medium</td>\n                </tr>\n            \n                <tr>\n                    <td style="padding:6px; border-bottom:1px solid #1e293b;">8080</td>\n                    <td style="padding:6px; border-bottom:1px solid #1e293b;">tcp</td>\n                    <td style="padding:6px; border-bottom:1px solid #1e293b;">open</td>\n                    <td style="padding:6px; border-bottom:1px solid #1e293b;">http-proxy Squid 4.10</td>\n                    <td style="padding:6px; border-bottom:1px solid #1e293b;">medium</td>\n                </tr>\n            \n            </tbody>\n        </table>\n    \n</div>\n		2026-04-15 13:39:11.509833+00	2026-04-15 13:39:11.509837+00	\N	\N	\N	1	\N	\N	1
3	Seeded Report EXE-20260415-23119FBC	technical_report	html	generated	Host 10.10.10.10: 8 open ports, 8 services detected.	{"asset": {}, "result": {"id": 2, "ports": [{"port": 22, "state": "open", "protocol": "tcp", "risk_level": "low", "service_name": "ssh", "service_version": "OpenSSH 8.2p1"}, {"port": 53, "state": "open", "protocol": "udp", "risk_level": "info", "service_name": "domain", "service_version": "BIND 9.16"}, {"port": 123, "state": "open", "protocol": "udp", "risk_level": "info", "service_name": "ntp", "service_version": "NTP daemon"}, {"port": 443, "state": "open", "protocol": "tcp", "risk_level": "low", "service_name": "https", "service_version": "nginx 1.20.1"}, {"port": 3389, "state": "open", "protocol": "tcp", "risk_level": "high", "service_name": "ms-wbt-server", "service_version": "RDP Service"}, {"port": 5432, "state": "open", "protocol": "tcp", "risk_level": "medium", "service_name": "postgresql", "service_version": "PostgreSQL 14"}, {"port": 8080, "state": "open", "protocol": "tcp", "risk_level": "medium", "service_name": "http-proxy", "service_version": "Squid 4.10"}, {"port": 8443, "state": "open", "protocol": "tcp", "risk_level": "medium", "service_name": "https-alt", "service_version": "Jetty 9"}], "target": "10.10.10.10", "os_guess": "Ubuntu 22.04", "services": 8, "open_ports": 8, "host_status": "up", "closed_ports": 980, "execution_id": "EXE-20260415-23119FBC", "generated_at": "2026-04-15T13:02:56.187698+00:00", "filtered_ports": 12, "high_risk_count": 1, "duration_seconds": 12, "medium_risk_count": 3}, "sections": {"ports": true, "summary": true, "findings": true, "services": true, "timeline": false}, "execution": {}, "comparison": {}, "report_type": "technical_report", "generated_at": "2026-04-15T13:39:38.934850+00:00", "summary_notes": "Auto-seeded for development UI validation."}	<div style="font-family: Public Sans, Inter, sans-serif; color: #e2e8f0;">\n    <h2 style="margin:0 0 8px 0; color:#fff;">Seeded Report EXE-20260415-23119FBC</h2>\n    <p style="margin:0 0 16px 0; color:#94a3b8;">Generated at 2026-04-15T13:39:38.934850+00:00</p>\n\n    \n        <div style="padding:12px; border:1px solid rgba(59,130,246,0.35); border-radius:8px; margin-bottom:16px;">\n            <strong>Analyst Notes:</strong> Auto-seeded for development UI validation.\n        </div>\n    \n\n    \n        <h3 style="color:#93c5fd;">Result Overview</h3>\n        <p>Target 10.10.10.10 returned 8 open ports and 8 services.</p>\n    \n\n    \n\n    \n\n    \n\n    \n        <h3 style="color:#93c5fd;">Port Details</h3>\n        <table style="width:100%; border-collapse:collapse; font-size:12px;">\n            <thead>\n            <tr>\n                <th style="text-align:left; border-bottom:1px solid #334155; padding:6px;">Port</th>\n                <th style="text-align:left; border-bottom:1px solid #334155; padding:6px;">Protocol</th>\n                <th style="text-align:left; border-bottom:1px solid #334155; padding:6px;">State</th>\n                <th style="text-align:left; border-bottom:1px solid #334155; padding:6px;">Service</th>\n                <th style="text-align:left; border-bottom:1px solid #334155; padding:6px;">Risk</th>\n            </tr>\n            </thead>\n            <tbody>\n            \n                <tr>\n                    <td style="padding:6px; border-bottom:1px solid #1e293b;">22</td>\n                    <td style="padding:6px; border-bottom:1px solid #1e293b;">tcp</td>\n                    <td style="padding:6px; border-bottom:1px solid #1e293b;">open</td>\n                    <td style="padding:6px; border-bottom:1px solid #1e293b;">ssh OpenSSH 8.2p1</td>\n                    <td style="padding:6px; border-bottom:1px solid #1e293b;">low</td>\n                </tr>\n            \n                <tr>\n                    <td style="padding:6px; border-bottom:1px solid #1e293b;">53</td>\n                    <td style="padding:6px; border-bottom:1px solid #1e293b;">udp</td>\n                    <td style="padding:6px; border-bottom:1px solid #1e293b;">open</td>\n                    <td style="padding:6px; border-bottom:1px solid #1e293b;">domain BIND 9.16</td>\n                    <td style="padding:6px; border-bottom:1px solid #1e293b;">info</td>\n                </tr>\n            \n                <tr>\n                    <td style="padding:6px; border-bottom:1px solid #1e293b;">123</td>\n                    <td style="padding:6px; border-bottom:1px solid #1e293b;">udp</td>\n                    <td style="padding:6px; border-bottom:1px solid #1e293b;">open</td>\n                    <td style="padding:6px; border-bottom:1px solid #1e293b;">ntp NTP daemon</td>\n                    <td style="padding:6px; border-bottom:1px solid #1e293b;">info</td>\n                </tr>\n            \n                <tr>\n                    <td style="padding:6px; border-bottom:1px solid #1e293b;">443</td>\n                    <td style="padding:6px; border-bottom:1px solid #1e293b;">tcp</td>\n                    <td style="padding:6px; border-bottom:1px solid #1e293b;">open</td>\n                    <td style="padding:6px; border-bottom:1px solid #1e293b;">https nginx 1.20.1</td>\n                    <td style="padding:6px; border-bottom:1px solid #1e293b;">low</td>\n                </tr>\n            \n                <tr>\n                    <td style="padding:6px; border-bottom:1px solid #1e293b;">3389</td>\n                    <td style="padding:6px; border-bottom:1px solid #1e293b;">tcp</td>\n                    <td style="padding:6px; border-bottom:1px solid #1e293b;">open</td>\n                    <td style="padding:6px; border-bottom:1px solid #1e293b;">ms-wbt-server RDP Service</td>\n                    <td style="padding:6px; border-bottom:1px solid #1e293b;">high</td>\n                </tr>\n            \n                <tr>\n                    <td style="padding:6px; border-bottom:1px solid #1e293b;">5432</td>\n                    <td style="padding:6px; border-bottom:1px solid #1e293b;">tcp</td>\n                    <td style="padding:6px; border-bottom:1px solid #1e293b;">open</td>\n                    <td style="padding:6px; border-bottom:1px solid #1e293b;">postgresql PostgreSQL 14</td>\n                    <td style="padding:6px; border-bottom:1px solid #1e293b;">medium</td>\n                </tr>\n            \n                <tr>\n                    <td style="padding:6px; border-bottom:1px solid #1e293b;">8080</td>\n                    <td style="padding:6px; border-bottom:1px solid #1e293b;">tcp</td>\n                    <td style="padding:6px; border-bottom:1px solid #1e293b;">open</td>\n                    <td style="padding:6px; border-bottom:1px solid #1e293b;">http-proxy Squid 4.10</td>\n                    <td style="padding:6px; border-bottom:1px solid #1e293b;">medium</td>\n                </tr>\n            \n                <tr>\n                    <td style="padding:6px; border-bottom:1px solid #1e293b;">8443</td>\n                    <td style="padding:6px; border-bottom:1px solid #1e293b;">tcp</td>\n                    <td style="padding:6px; border-bottom:1px solid #1e293b;">open</td>\n                    <td style="padding:6px; border-bottom:1px solid #1e293b;">https-alt Jetty 9</td>\n                    <td style="padding:6px; border-bottom:1px solid #1e293b;">medium</td>\n                </tr>\n            \n            </tbody>\n        </table>\n    \n</div>\n		2026-04-15 13:39:38.939824+00	2026-04-15 13:39:38.939833+00	\N	\N	\N	1	\N	\N	2
4	Seeded Report EXE-20260415-31A1DA35	per_host_report	html	generated	Host 10.10.10.10: 7 open ports, 7 services detected.	{"asset": {}, "result": {"id": 1, "ports": [{"port": 22, "state": "open", "protocol": "tcp", "risk_level": "low", "service_name": "ssh", "service_version": "OpenSSH 8.2p1"}, {"port": 80, "state": "open", "protocol": "tcp", "risk_level": "low", "service_name": "http", "service_version": "nginx 1.18.0"}, {"port": 123, "state": "open", "protocol": "udp", "risk_level": "info", "service_name": "ntp", "service_version": "NTP daemon"}, {"port": 3306, "state": "open", "protocol": "tcp", "risk_level": "high", "service_name": "mysql", "service_version": "MySQL 8.0.28"}, {"port": 3389, "state": "open", "protocol": "tcp", "risk_level": "high", "service_name": "ms-wbt-server", "service_version": "RDP Service"}, {"port": 5432, "state": "open", "protocol": "tcp", "risk_level": "medium", "service_name": "postgresql", "service_version": "PostgreSQL 14"}, {"port": 8080, "state": "open", "protocol": "tcp", "risk_level": "medium", "service_name": "http-proxy", "service_version": "Squid 4.10"}], "target": "10.10.10.10", "os_guess": "FreeBSD 13", "services": 7, "open_ports": 7, "host_status": "up", "closed_ports": 969, "execution_id": "EXE-20260415-31A1DA35", "generated_at": "2026-04-15T13:02:43.830395+00:00", "filtered_ports": 24, "high_risk_count": 2, "duration_seconds": 64, "medium_risk_count": 2}, "sections": {"ports": true, "summary": true, "findings": true, "services": true, "timeline": false}, "execution": {}, "comparison": {}, "report_type": "per_host_report", "generated_at": "2026-04-15T13:39:38.943016+00:00", "summary_notes": "Auto-seeded for development UI validation."}	<div style="font-family: Public Sans, Inter, sans-serif; color: #e2e8f0;">\n    <h2 style="margin:0 0 8px 0; color:#fff;">Seeded Report EXE-20260415-31A1DA35</h2>\n    <p style="margin:0 0 16px 0; color:#94a3b8;">Generated at 2026-04-15T13:39:38.943016+00:00</p>\n\n    \n        <div style="padding:12px; border:1px solid rgba(59,130,246,0.35); border-radius:8px; margin-bottom:16px;">\n            <strong>Analyst Notes:</strong> Auto-seeded for development UI validation.\n        </div>\n    \n\n    \n        <h3 style="color:#93c5fd;">Result Overview</h3>\n        <p>Target 10.10.10.10 returned 7 open ports and 7 services.</p>\n    \n\n    \n\n    \n\n    \n\n    \n        <h3 style="color:#93c5fd;">Port Details</h3>\n        <table style="width:100%; border-collapse:collapse; font-size:12px;">\n            <thead>\n            <tr>\n                <th style="text-align:left; border-bottom:1px solid #334155; padding:6px;">Port</th>\n                <th style="text-align:left; border-bottom:1px solid #334155; padding:6px;">Protocol</th>\n                <th style="text-align:left; border-bottom:1px solid #334155; padding:6px;">State</th>\n                <th style="text-align:left; border-bottom:1px solid #334155; padding:6px;">Service</th>\n                <th style="text-align:left; border-bottom:1px solid #334155; padding:6px;">Risk</th>\n            </tr>\n            </thead>\n            <tbody>\n            \n                <tr>\n                    <td style="padding:6px; border-bottom:1px solid #1e293b;">22</td>\n                    <td style="padding:6px; border-bottom:1px solid #1e293b;">tcp</td>\n                    <td style="padding:6px; border-bottom:1px solid #1e293b;">open</td>\n                    <td style="padding:6px; border-bottom:1px solid #1e293b;">ssh OpenSSH 8.2p1</td>\n                    <td style="padding:6px; border-bottom:1px solid #1e293b;">low</td>\n                </tr>\n            \n                <tr>\n                    <td style="padding:6px; border-bottom:1px solid #1e293b;">80</td>\n                    <td style="padding:6px; border-bottom:1px solid #1e293b;">tcp</td>\n                    <td style="padding:6px; border-bottom:1px solid #1e293b;">open</td>\n                    <td style="padding:6px; border-bottom:1px solid #1e293b;">http nginx 1.18.0</td>\n                    <td style="padding:6px; border-bottom:1px solid #1e293b;">low</td>\n                </tr>\n            \n                <tr>\n                    <td style="padding:6px; border-bottom:1px solid #1e293b;">123</td>\n                    <td style="padding:6px; border-bottom:1px solid #1e293b;">udp</td>\n                    <td style="padding:6px; border-bottom:1px solid #1e293b;">open</td>\n                    <td style="padding:6px; border-bottom:1px solid #1e293b;">ntp NTP daemon</td>\n                    <td style="padding:6px; border-bottom:1px solid #1e293b;">info</td>\n                </tr>\n            \n                <tr>\n                    <td style="padding:6px; border-bottom:1px solid #1e293b;">3306</td>\n                    <td style="padding:6px; border-bottom:1px solid #1e293b;">tcp</td>\n                    <td style="padding:6px; border-bottom:1px solid #1e293b;">open</td>\n                    <td style="padding:6px; border-bottom:1px solid #1e293b;">mysql MySQL 8.0.28</td>\n                    <td style="padding:6px; border-bottom:1px solid #1e293b;">high</td>\n                </tr>\n            \n                <tr>\n                    <td style="padding:6px; border-bottom:1px solid #1e293b;">3389</td>\n                    <td style="padding:6px; border-bottom:1px solid #1e293b;">tcp</td>\n                    <td style="padding:6px; border-bottom:1px solid #1e293b;">open</td>\n                    <td style="padding:6px; border-bottom:1px solid #1e293b;">ms-wbt-server RDP Service</td>\n                    <td style="padding:6px; border-bottom:1px solid #1e293b;">high</td>\n                </tr>\n            \n                <tr>\n                    <td style="padding:6px; border-bottom:1px solid #1e293b;">5432</td>\n                    <td style="padding:6px; border-bottom:1px solid #1e293b;">tcp</td>\n                    <td style="padding:6px; border-bottom:1px solid #1e293b;">open</td>\n                    <td style="padding:6px; border-bottom:1px solid #1e293b;">postgresql PostgreSQL 14</td>\n                    <td style="padding:6px; border-bottom:1px solid #1e293b;">medium</td>\n                </tr>\n            \n                <tr>\n                    <td style="padding:6px; border-bottom:1px solid #1e293b;">8080</td>\n                    <td style="padding:6px; border-bottom:1px solid #1e293b;">tcp</td>\n                    <td style="padding:6px; border-bottom:1px solid #1e293b;">open</td>\n                    <td style="padding:6px; border-bottom:1px solid #1e293b;">http-proxy Squid 4.10</td>\n                    <td style="padding:6px; border-bottom:1px solid #1e293b;">medium</td>\n                </tr>\n            \n            </tbody>\n        </table>\n    \n</div>\n		2026-04-15 13:39:38.94517+00	2026-04-15 13:39:38.945174+00	\N	\N	\N	1	\N	\N	1
5	Seeded Comparison EXE-20260415-31A1DA35 vs EXE-20260415-23119FBC	comparison_report	html	generated	Comparison summary with 6 detected changes.	{"asset": {}, "result": {}, "sections": {"ports": true, "summary": true, "findings": true, "services": false, "timeline": true}, "execution": {}, "comparison": {"summary": {"os_changed": true, "added_count": 3, "changed_count": 0, "removed_count": 2, "total_changes": 6, "host_status_changed": false}, "os_change": {"to": "Ubuntu 22.04", "from": "FreeBSD 13"}, "added_ports": [{"port": 53, "risk": "info", "service": "domain", "version": "BIND 9.16", "protocol": "udp"}, {"port": 443, "risk": "low", "service": "https", "version": "nginx 1.20.1", "protocol": "tcp"}, {"port": 8443, "risk": "medium", "service": "https-alt", "version": "Jetty 9", "protocol": "tcp"}], "left_result": {"id": 1, "target": "10.10.10.10", "execution_id": "EXE-20260415-31A1DA35"}, "right_result": {"id": 2, "target": "10.10.10.10", "execution_id": "EXE-20260415-23119FBC"}, "changed_ports": [], "removed_ports": [{"port": 80, "risk": "low", "service": "http", "version": "nginx 1.18.0", "protocol": "tcp"}, {"port": 3306, "risk": "high", "service": "mysql", "version": "MySQL 8.0.28", "protocol": "tcp"}], "host_status_change": null}, "report_type": "comparison_report", "generated_at": "2026-04-15T13:39:38.947567+00:00", "summary_notes": "Auto-generated comparison for report diff validation."}	<div style="font-family: Public Sans, Inter, sans-serif; color: #e2e8f0;">\n    <h2 style="margin:0 0 8px 0; color:#fff;">Seeded Comparison EXE-20260415-31A1DA35 vs EXE-20260415-23119FBC</h2>\n    <p style="margin:0 0 16px 0; color:#94a3b8;">Generated at 2026-04-15T13:39:38.947567+00:00</p>\n\n    \n        <div style="padding:12px; border:1px solid rgba(59,130,246,0.35); border-radius:8px; margin-bottom:16px;">\n            <strong>Analyst Notes:</strong> Auto-generated comparison for report diff validation.\n        </div>\n    \n\n    \n\n    \n\n    \n\n    \n        <h3 style="color:#93c5fd;">Comparison Summary</h3>\n        <p>Total changes: 6</p>\n        <p>Added ports: 3, Removed ports: 2, Changed ports: 0</p>\n    \n\n    \n</div>\n		2026-04-15 13:39:38.947743+00	2026-04-15 13:39:38.947746+00	\N	1	2	1	\N	\N	\N
6	Seeded Report EXE-20260415-23119FBC	technical_report	html	generated	Host 10.10.10.10: 8 open ports, 8 services detected.	{"asset": {}, "result": {"id": 2, "ports": [{"port": 22, "state": "open", "protocol": "tcp", "risk_level": "low", "service_name": "ssh", "service_version": "OpenSSH 8.2p1"}, {"port": 53, "state": "open", "protocol": "udp", "risk_level": "info", "service_name": "domain", "service_version": "BIND 9.16"}, {"port": 123, "state": "open", "protocol": "udp", "risk_level": "info", "service_name": "ntp", "service_version": "NTP daemon"}, {"port": 443, "state": "open", "protocol": "tcp", "risk_level": "low", "service_name": "https", "service_version": "nginx 1.20.1"}, {"port": 3389, "state": "open", "protocol": "tcp", "risk_level": "high", "service_name": "ms-wbt-server", "service_version": "RDP Service"}, {"port": 5432, "state": "open", "protocol": "tcp", "risk_level": "medium", "service_name": "postgresql", "service_version": "PostgreSQL 14"}, {"port": 8080, "state": "open", "protocol": "tcp", "risk_level": "medium", "service_name": "http-proxy", "service_version": "Squid 4.10"}, {"port": 8443, "state": "open", "protocol": "tcp", "risk_level": "medium", "service_name": "https-alt", "service_version": "Jetty 9"}], "target": "10.10.10.10", "os_guess": "Ubuntu 22.04", "services": 8, "open_ports": 8, "host_status": "up", "closed_ports": 980, "execution_id": "EXE-20260415-23119FBC", "generated_at": "2026-04-15T13:02:56.187698+00:00", "filtered_ports": 12, "high_risk_count": 1, "duration_seconds": 12, "medium_risk_count": 3}, "sections": {"ports": true, "summary": true, "findings": true, "services": true, "timeline": false}, "execution": {}, "comparison": {}, "report_type": "technical_report", "generated_at": "2026-04-15T13:43:55.962472+00:00", "summary_notes": "Auto-seeded for development UI validation."}	<div style="font-family: Public Sans, Inter, sans-serif; color: #e2e8f0;">\n    <h2 style="margin:0 0 8px 0; color:#fff;">Seeded Report EXE-20260415-23119FBC</h2>\n    <p style="margin:0 0 16px 0; color:#94a3b8;">Generated at 2026-04-15T13:43:55.962472+00:00</p>\n\n    \n        <div style="padding:12px; border:1px solid rgba(59,130,246,0.35); border-radius:8px; margin-bottom:16px;">\n            <strong>Analyst Notes:</strong> Auto-seeded for development UI validation.\n        </div>\n    \n\n    \n        <h3 style="color:#93c5fd;">Result Overview</h3>\n        <p>Target 10.10.10.10 returned 8 open ports and 8 services.</p>\n    \n\n    \n\n    \n\n    \n\n    \n        <h3 style="color:#93c5fd;">Port Details</h3>\n        <table style="width:100%; border-collapse:collapse; font-size:12px;">\n            <thead>\n            <tr>\n                <th style="text-align:left; border-bottom:1px solid #334155; padding:6px;">Port</th>\n                <th style="text-align:left; border-bottom:1px solid #334155; padding:6px;">Protocol</th>\n                <th style="text-align:left; border-bottom:1px solid #334155; padding:6px;">State</th>\n                <th style="text-align:left; border-bottom:1px solid #334155; padding:6px;">Service</th>\n                <th style="text-align:left; border-bottom:1px solid #334155; padding:6px;">Risk</th>\n            </tr>\n            </thead>\n            <tbody>\n            \n                <tr>\n                    <td style="padding:6px; border-bottom:1px solid #1e293b;">22</td>\n                    <td style="padding:6px; border-bottom:1px solid #1e293b;">tcp</td>\n                    <td style="padding:6px; border-bottom:1px solid #1e293b;">open</td>\n                    <td style="padding:6px; border-bottom:1px solid #1e293b;">ssh OpenSSH 8.2p1</td>\n                    <td style="padding:6px; border-bottom:1px solid #1e293b;">low</td>\n                </tr>\n            \n                <tr>\n                    <td style="padding:6px; border-bottom:1px solid #1e293b;">53</td>\n                    <td style="padding:6px; border-bottom:1px solid #1e293b;">udp</td>\n                    <td style="padding:6px; border-bottom:1px solid #1e293b;">open</td>\n                    <td style="padding:6px; border-bottom:1px solid #1e293b;">domain BIND 9.16</td>\n                    <td style="padding:6px; border-bottom:1px solid #1e293b;">info</td>\n                </tr>\n            \n                <tr>\n                    <td style="padding:6px; border-bottom:1px solid #1e293b;">123</td>\n                    <td style="padding:6px; border-bottom:1px solid #1e293b;">udp</td>\n                    <td style="padding:6px; border-bottom:1px solid #1e293b;">open</td>\n                    <td style="padding:6px; border-bottom:1px solid #1e293b;">ntp NTP daemon</td>\n                    <td style="padding:6px; border-bottom:1px solid #1e293b;">info</td>\n                </tr>\n            \n                <tr>\n                    <td style="padding:6px; border-bottom:1px solid #1e293b;">443</td>\n                    <td style="padding:6px; border-bottom:1px solid #1e293b;">tcp</td>\n                    <td style="padding:6px; border-bottom:1px solid #1e293b;">open</td>\n                    <td style="padding:6px; border-bottom:1px solid #1e293b;">https nginx 1.20.1</td>\n                    <td style="padding:6px; border-bottom:1px solid #1e293b;">low</td>\n                </tr>\n            \n                <tr>\n                    <td style="padding:6px; border-bottom:1px solid #1e293b;">3389</td>\n                    <td style="padding:6px; border-bottom:1px solid #1e293b;">tcp</td>\n                    <td style="padding:6px; border-bottom:1px solid #1e293b;">open</td>\n                    <td style="padding:6px; border-bottom:1px solid #1e293b;">ms-wbt-server RDP Service</td>\n                    <td style="padding:6px; border-bottom:1px solid #1e293b;">high</td>\n                </tr>\n            \n                <tr>\n                    <td style="padding:6px; border-bottom:1px solid #1e293b;">5432</td>\n                    <td style="padding:6px; border-bottom:1px solid #1e293b;">tcp</td>\n                    <td style="padding:6px; border-bottom:1px solid #1e293b;">open</td>\n                    <td style="padding:6px; border-bottom:1px solid #1e293b;">postgresql PostgreSQL 14</td>\n                    <td style="padding:6px; border-bottom:1px solid #1e293b;">medium</td>\n                </tr>\n            \n                <tr>\n                    <td style="padding:6px; border-bottom:1px solid #1e293b;">8080</td>\n                    <td style="padding:6px; border-bottom:1px solid #1e293b;">tcp</td>\n                    <td style="padding:6px; border-bottom:1px solid #1e293b;">open</td>\n                    <td style="padding:6px; border-bottom:1px solid #1e293b;">http-proxy Squid 4.10</td>\n                    <td style="padding:6px; border-bottom:1px solid #1e293b;">medium</td>\n                </tr>\n            \n                <tr>\n                    <td style="padding:6px; border-bottom:1px solid #1e293b;">8443</td>\n                    <td style="padding:6px; border-bottom:1px solid #1e293b;">tcp</td>\n                    <td style="padding:6px; border-bottom:1px solid #1e293b;">open</td>\n                    <td style="padding:6px; border-bottom:1px solid #1e293b;">https-alt Jetty 9</td>\n                    <td style="padding:6px; border-bottom:1px solid #1e293b;">medium</td>\n                </tr>\n            \n            </tbody>\n        </table>\n    \n</div>\n		2026-04-15 13:43:55.966778+00	2026-04-15 13:43:55.966786+00	\N	\N	\N	1	\N	\N	2
7	Seeded Report EXE-20260415-31A1DA35	per_host_report	html	generated	Host 10.10.10.10: 7 open ports, 7 services detected.	{"asset": {}, "result": {"id": 1, "ports": [{"port": 22, "state": "open", "protocol": "tcp", "risk_level": "low", "service_name": "ssh", "service_version": "OpenSSH 8.2p1"}, {"port": 80, "state": "open", "protocol": "tcp", "risk_level": "low", "service_name": "http", "service_version": "nginx 1.18.0"}, {"port": 123, "state": "open", "protocol": "udp", "risk_level": "info", "service_name": "ntp", "service_version": "NTP daemon"}, {"port": 3306, "state": "open", "protocol": "tcp", "risk_level": "high", "service_name": "mysql", "service_version": "MySQL 8.0.28"}, {"port": 3389, "state": "open", "protocol": "tcp", "risk_level": "high", "service_name": "ms-wbt-server", "service_version": "RDP Service"}, {"port": 5432, "state": "open", "protocol": "tcp", "risk_level": "medium", "service_name": "postgresql", "service_version": "PostgreSQL 14"}, {"port": 8080, "state": "open", "protocol": "tcp", "risk_level": "medium", "service_name": "http-proxy", "service_version": "Squid 4.10"}], "target": "10.10.10.10", "os_guess": "FreeBSD 13", "services": 7, "open_ports": 7, "host_status": "up", "closed_ports": 969, "execution_id": "EXE-20260415-31A1DA35", "generated_at": "2026-04-15T13:02:43.830395+00:00", "filtered_ports": 24, "high_risk_count": 2, "duration_seconds": 64, "medium_risk_count": 2}, "sections": {"ports": true, "summary": true, "findings": true, "services": true, "timeline": false}, "execution": {}, "comparison": {}, "report_type": "per_host_report", "generated_at": "2026-04-15T13:43:55.970910+00:00", "summary_notes": "Auto-seeded for development UI validation."}	<div style="font-family: Public Sans, Inter, sans-serif; color: #e2e8f0;">\n    <h2 style="margin:0 0 8px 0; color:#fff;">Seeded Report EXE-20260415-31A1DA35</h2>\n    <p style="margin:0 0 16px 0; color:#94a3b8;">Generated at 2026-04-15T13:43:55.970910+00:00</p>\n\n    \n        <div style="padding:12px; border:1px solid rgba(59,130,246,0.35); border-radius:8px; margin-bottom:16px;">\n            <strong>Analyst Notes:</strong> Auto-seeded for development UI validation.\n        </div>\n    \n\n    \n        <h3 style="color:#93c5fd;">Result Overview</h3>\n        <p>Target 10.10.10.10 returned 7 open ports and 7 services.</p>\n    \n\n    \n\n    \n\n    \n\n    \n        <h3 style="color:#93c5fd;">Port Details</h3>\n        <table style="width:100%; border-collapse:collapse; font-size:12px;">\n            <thead>\n            <tr>\n                <th style="text-align:left; border-bottom:1px solid #334155; padding:6px;">Port</th>\n                <th style="text-align:left; border-bottom:1px solid #334155; padding:6px;">Protocol</th>\n                <th style="text-align:left; border-bottom:1px solid #334155; padding:6px;">State</th>\n                <th style="text-align:left; border-bottom:1px solid #334155; padding:6px;">Service</th>\n                <th style="text-align:left; border-bottom:1px solid #334155; padding:6px;">Risk</th>\n            </tr>\n            </thead>\n            <tbody>\n            \n                <tr>\n                    <td style="padding:6px; border-bottom:1px solid #1e293b;">22</td>\n                    <td style="padding:6px; border-bottom:1px solid #1e293b;">tcp</td>\n                    <td style="padding:6px; border-bottom:1px solid #1e293b;">open</td>\n                    <td style="padding:6px; border-bottom:1px solid #1e293b;">ssh OpenSSH 8.2p1</td>\n                    <td style="padding:6px; border-bottom:1px solid #1e293b;">low</td>\n                </tr>\n            \n                <tr>\n                    <td style="padding:6px; border-bottom:1px solid #1e293b;">80</td>\n                    <td style="padding:6px; border-bottom:1px solid #1e293b;">tcp</td>\n                    <td style="padding:6px; border-bottom:1px solid #1e293b;">open</td>\n                    <td style="padding:6px; border-bottom:1px solid #1e293b;">http nginx 1.18.0</td>\n                    <td style="padding:6px; border-bottom:1px solid #1e293b;">low</td>\n                </tr>\n            \n                <tr>\n                    <td style="padding:6px; border-bottom:1px solid #1e293b;">123</td>\n                    <td style="padding:6px; border-bottom:1px solid #1e293b;">udp</td>\n                    <td style="padding:6px; border-bottom:1px solid #1e293b;">open</td>\n                    <td style="padding:6px; border-bottom:1px solid #1e293b;">ntp NTP daemon</td>\n                    <td style="padding:6px; border-bottom:1px solid #1e293b;">info</td>\n                </tr>\n            \n                <tr>\n                    <td style="padding:6px; border-bottom:1px solid #1e293b;">3306</td>\n                    <td style="padding:6px; border-bottom:1px solid #1e293b;">tcp</td>\n                    <td style="padding:6px; border-bottom:1px solid #1e293b;">open</td>\n                    <td style="padding:6px; border-bottom:1px solid #1e293b;">mysql MySQL 8.0.28</td>\n                    <td style="padding:6px; border-bottom:1px solid #1e293b;">high</td>\n                </tr>\n            \n                <tr>\n                    <td style="padding:6px; border-bottom:1px solid #1e293b;">3389</td>\n                    <td style="padding:6px; border-bottom:1px solid #1e293b;">tcp</td>\n                    <td style="padding:6px; border-bottom:1px solid #1e293b;">open</td>\n                    <td style="padding:6px; border-bottom:1px solid #1e293b;">ms-wbt-server RDP Service</td>\n                    <td style="padding:6px; border-bottom:1px solid #1e293b;">high</td>\n                </tr>\n            \n                <tr>\n                    <td style="padding:6px; border-bottom:1px solid #1e293b;">5432</td>\n                    <td style="padding:6px; border-bottom:1px solid #1e293b;">tcp</td>\n                    <td style="padding:6px; border-bottom:1px solid #1e293b;">open</td>\n                    <td style="padding:6px; border-bottom:1px solid #1e293b;">postgresql PostgreSQL 14</td>\n                    <td style="padding:6px; border-bottom:1px solid #1e293b;">medium</td>\n                </tr>\n            \n                <tr>\n                    <td style="padding:6px; border-bottom:1px solid #1e293b;">8080</td>\n                    <td style="padding:6px; border-bottom:1px solid #1e293b;">tcp</td>\n                    <td style="padding:6px; border-bottom:1px solid #1e293b;">open</td>\n                    <td style="padding:6px; border-bottom:1px solid #1e293b;">http-proxy Squid 4.10</td>\n                    <td style="padding:6px; border-bottom:1px solid #1e293b;">medium</td>\n                </tr>\n            \n            </tbody>\n        </table>\n    \n</div>\n		2026-04-15 13:43:55.972944+00	2026-04-15 13:43:55.972948+00	\N	\N	\N	1	\N	\N	1
8	Seeded Comparison EXE-20260415-31A1DA35 vs EXE-20260415-23119FBC	comparison_report	html	generated	Comparison summary with 6 detected changes.	{"asset": {}, "result": {}, "sections": {"ports": true, "summary": true, "findings": true, "services": false, "timeline": true}, "execution": {}, "comparison": {"summary": {"os_changed": true, "added_count": 3, "changed_count": 0, "removed_count": 2, "total_changes": 6, "host_status_changed": false}, "os_change": {"to": "Ubuntu 22.04", "from": "FreeBSD 13"}, "added_ports": [{"port": 53, "risk": "info", "service": "domain", "version": "BIND 9.16", "protocol": "udp"}, {"port": 443, "risk": "low", "service": "https", "version": "nginx 1.20.1", "protocol": "tcp"}, {"port": 8443, "risk": "medium", "service": "https-alt", "version": "Jetty 9", "protocol": "tcp"}], "left_result": {"id": 1, "target": "10.10.10.10", "execution_id": "EXE-20260415-31A1DA35"}, "right_result": {"id": 2, "target": "10.10.10.10", "execution_id": "EXE-20260415-23119FBC"}, "changed_ports": [], "removed_ports": [{"port": 80, "risk": "low", "service": "http", "version": "nginx 1.18.0", "protocol": "tcp"}, {"port": 3306, "risk": "high", "service": "mysql", "version": "MySQL 8.0.28", "protocol": "tcp"}], "host_status_change": null}, "report_type": "comparison_report", "generated_at": "2026-04-15T13:43:55.976046+00:00", "summary_notes": "Auto-generated comparison for report diff validation."}	<div style="font-family: Public Sans, Inter, sans-serif; color: #e2e8f0;">\n    <h2 style="margin:0 0 8px 0; color:#fff;">Seeded Comparison EXE-20260415-31A1DA35 vs EXE-20260415-23119FBC</h2>\n    <p style="margin:0 0 16px 0; color:#94a3b8;">Generated at 2026-04-15T13:43:55.976046+00:00</p>\n\n    \n        <div style="padding:12px; border:1px solid rgba(59,130,246,0.35); border-radius:8px; margin-bottom:16px;">\n            <strong>Analyst Notes:</strong> Auto-generated comparison for report diff validation.\n        </div>\n    \n\n    \n\n    \n\n    \n\n    \n        <h3 style="color:#93c5fd;">Comparison Summary</h3>\n        <p>Total changes: 6</p>\n        <p>Added ports: 3, Removed ports: 2, Changed ports: 0</p>\n    \n\n    \n</div>\n		2026-04-15 13:43:55.976242+00	2026-04-15 13:43:55.976246+00	\N	1	2	1	\N	\N	\N
9	Action Test Report	executive_summary	html	generated	Host 10.10.10.10: 8 open ports, 8 services detected.	{"asset": {}, "result": {"id": 2, "ports": [{"port": 22, "state": "open", "protocol": "tcp", "risk_level": "low", "service_name": "ssh", "service_version": "OpenSSH 8.2p1"}, {"port": 53, "state": "open", "protocol": "udp", "risk_level": "info", "service_name": "domain", "service_version": "BIND 9.16"}, {"port": 123, "state": "open", "protocol": "udp", "risk_level": "info", "service_name": "ntp", "service_version": "NTP daemon"}, {"port": 443, "state": "open", "protocol": "tcp", "risk_level": "low", "service_name": "https", "service_version": "nginx 1.20.1"}, {"port": 3389, "state": "open", "protocol": "tcp", "risk_level": "high", "service_name": "ms-wbt-server", "service_version": "RDP Service"}, {"port": 5432, "state": "open", "protocol": "tcp", "risk_level": "medium", "service_name": "postgresql", "service_version": "PostgreSQL 14"}, {"port": 8080, "state": "open", "protocol": "tcp", "risk_level": "medium", "service_name": "http-proxy", "service_version": "Squid 4.10"}, {"port": 8443, "state": "open", "protocol": "tcp", "risk_level": "medium", "service_name": "https-alt", "service_version": "Jetty 9"}], "target": "10.10.10.10", "os_guess": "Ubuntu 22.04", "services": 8, "open_ports": 8, "host_status": "up", "closed_ports": 980, "execution_id": "EXE-20260415-23119FBC", "generated_at": "2026-04-15T13:02:56.187698+00:00", "filtered_ports": 12, "high_risk_count": 1, "duration_seconds": 12, "medium_risk_count": 3}, "sections": {"ports": true, "summary": true, "findings": true, "services": true, "timeline": false}, "execution": {}, "comparison": {}, "report_type": "executive_summary", "generated_at": "2026-04-15T13:44:14.111705+00:00", "summary_notes": "action test"}	<div style="font-family: Public Sans, Inter, sans-serif; color: #e2e8f0;">\n    <h2 style="margin:0 0 8px 0; color:#fff;">Action Test Report</h2>\n    <p style="margin:0 0 16px 0; color:#94a3b8;">Generated at 2026-04-15T13:44:14.111705+00:00</p>\n\n    \n        <div style="padding:12px; border:1px solid rgba(59,130,246,0.35); border-radius:8px; margin-bottom:16px;">\n            <strong>Analyst Notes:</strong> action test\n        </div>\n    \n\n    \n        <h3 style="color:#93c5fd;">Result Overview</h3>\n        <p>Target 10.10.10.10 returned 8 open ports and 8 services.</p>\n    \n\n    \n\n    \n\n    \n\n    \n        <h3 style="color:#93c5fd;">Port Details</h3>\n        <table style="width:100%; border-collapse:collapse; font-size:12px;">\n            <thead>\n            <tr>\n                <th style="text-align:left; border-bottom:1px solid #334155; padding:6px;">Port</th>\n                <th style="text-align:left; border-bottom:1px solid #334155; padding:6px;">Protocol</th>\n                <th style="text-align:left; border-bottom:1px solid #334155; padding:6px;">State</th>\n                <th style="text-align:left; border-bottom:1px solid #334155; padding:6px;">Service</th>\n                <th style="text-align:left; border-bottom:1px solid #334155; padding:6px;">Risk</th>\n            </tr>\n            </thead>\n            <tbody>\n            \n                <tr>\n                    <td style="padding:6px; border-bottom:1px solid #1e293b;">22</td>\n                    <td style="padding:6px; border-bottom:1px solid #1e293b;">tcp</td>\n                    <td style="padding:6px; border-bottom:1px solid #1e293b;">open</td>\n                    <td style="padding:6px; border-bottom:1px solid #1e293b;">ssh OpenSSH 8.2p1</td>\n                    <td style="padding:6px; border-bottom:1px solid #1e293b;">low</td>\n                </tr>\n            \n                <tr>\n                    <td style="padding:6px; border-bottom:1px solid #1e293b;">53</td>\n                    <td style="padding:6px; border-bottom:1px solid #1e293b;">udp</td>\n                    <td style="padding:6px; border-bottom:1px solid #1e293b;">open</td>\n                    <td style="padding:6px; border-bottom:1px solid #1e293b;">domain BIND 9.16</td>\n                    <td style="padding:6px; border-bottom:1px solid #1e293b;">info</td>\n                </tr>\n            \n                <tr>\n                    <td style="padding:6px; border-bottom:1px solid #1e293b;">123</td>\n                    <td style="padding:6px; border-bottom:1px solid #1e293b;">udp</td>\n                    <td style="padding:6px; border-bottom:1px solid #1e293b;">open</td>\n                    <td style="padding:6px; border-bottom:1px solid #1e293b;">ntp NTP daemon</td>\n                    <td style="padding:6px; border-bottom:1px solid #1e293b;">info</td>\n                </tr>\n            \n                <tr>\n                    <td style="padding:6px; border-bottom:1px solid #1e293b;">443</td>\n                    <td style="padding:6px; border-bottom:1px solid #1e293b;">tcp</td>\n                    <td style="padding:6px; border-bottom:1px solid #1e293b;">open</td>\n                    <td style="padding:6px; border-bottom:1px solid #1e293b;">https nginx 1.20.1</td>\n                    <td style="padding:6px; border-bottom:1px solid #1e293b;">low</td>\n                </tr>\n            \n                <tr>\n                    <td style="padding:6px; border-bottom:1px solid #1e293b;">3389</td>\n                    <td style="padding:6px; border-bottom:1px solid #1e293b;">tcp</td>\n                    <td style="padding:6px; border-bottom:1px solid #1e293b;">open</td>\n                    <td style="padding:6px; border-bottom:1px solid #1e293b;">ms-wbt-server RDP Service</td>\n                    <td style="padding:6px; border-bottom:1px solid #1e293b;">high</td>\n                </tr>\n            \n                <tr>\n                    <td style="padding:6px; border-bottom:1px solid #1e293b;">5432</td>\n                    <td style="padding:6px; border-bottom:1px solid #1e293b;">tcp</td>\n                    <td style="padding:6px; border-bottom:1px solid #1e293b;">open</td>\n                    <td style="padding:6px; border-bottom:1px solid #1e293b;">postgresql PostgreSQL 14</td>\n                    <td style="padding:6px; border-bottom:1px solid #1e293b;">medium</td>\n                </tr>\n            \n                <tr>\n                    <td style="padding:6px; border-bottom:1px solid #1e293b;">8080</td>\n                    <td style="padding:6px; border-bottom:1px solid #1e293b;">tcp</td>\n                    <td style="padding:6px; border-bottom:1px solid #1e293b;">open</td>\n                    <td style="padding:6px; border-bottom:1px solid #1e293b;">http-proxy Squid 4.10</td>\n                    <td style="padding:6px; border-bottom:1px solid #1e293b;">medium</td>\n                </tr>\n            \n                <tr>\n                    <td style="padding:6px; border-bottom:1px solid #1e293b;">8443</td>\n                    <td style="padding:6px; border-bottom:1px solid #1e293b;">tcp</td>\n                    <td style="padding:6px; border-bottom:1px solid #1e293b;">open</td>\n                    <td style="padding:6px; border-bottom:1px solid #1e293b;">https-alt Jetty 9</td>\n                    <td style="padding:6px; border-bottom:1px solid #1e293b;">medium</td>\n                </tr>\n            \n            </tbody>\n        </table>\n    \n</div>\n		2026-04-15 13:44:14.122653+00	2026-04-15 13:44:14.122661+00	\N	\N	\N	1	\N	\N	2
10	Executive Summary — Internal API Baseline	executive_summary	html	generated	Executive overview of baseline findings for internal API and gateway assets.	{"type": "executive_summary", "seed_ref": "report:Executive Summary — Internal API Baseline", "generated_at": "2026-04-15T17:53:15.741367+00:00"}	<h1>Executive Summary — Internal API Baseline</h1><p>Executive overview of baseline findings for internal API and gateway assets.</p>	/tmp/scanops/reports/executive-summary-—-internal-api-baseline.out	2026-04-15 17:52:11.330683+00	2026-04-15 17:53:16.412212+00	2	\N	\N	8	1	5	3
11	Technical Report — Service Detection Pass	technical_report	pdf	generated	Detailed technical findings from internal web audit scan execution.	{"type": "technical_report", "seed_ref": "report:Technical Report — Service Detection Pass", "generated_at": "2026-04-15T17:53:15.741367+00:00"}	<h1>Technical Report — Service Detection Pass</h1><p>Detailed technical findings from internal web audit scan execution.</p>	/tmp/scanops/reports/technical-report-—-service-detection-pass.out	2026-04-15 17:52:11.331223+00	2026-04-15 17:53:16.412767+00	6	\N	\N	9	2	6	4
12	Comparison Report — API Baseline Drift	comparison_report	html	generated	Comparison of baseline versus current API surface to detect drift.	{"type": "comparison_report", "seed_ref": "report:Comparison Report — API Baseline Drift", "generated_at": "2026-04-15T17:53:15.741367+00:00"}	<h1>Comparison Report — API Baseline Drift</h1><p>Comparison of baseline versus current API surface to detect drift.</p>	/tmp/scanops/reports/comparison-report-—-api-baseline-drift.out	2026-04-15 17:52:11.331721+00	2026-04-15 17:53:16.413278+00	2	3	4	7	3	\N	\N
13	Per Host Report — DB Segment Validation	per_host_report	json	generated	Host-level database segment validation report.	{"type": "per_host_report", "seed_ref": "report:Per Host Report — DB Segment Validation", "generated_at": "2026-04-15T17:53:15.741367+00:00"}	<h1>Per Host Report — DB Segment Validation</h1><p>Host-level database segment validation report.</p>	/tmp/scanops/reports/per-host-report-—-db-segment-validation.out	2026-04-15 17:52:11.332217+00	2026-04-15 17:53:16.413789+00	3	\N	\N	10	4	8	5
\.


--
-- Data for Name: reports_reporttemplate; Type: TABLE DATA; Schema: public; Owner: -
--

COPY public.reports_reporttemplate (id, name, slug, description, report_type, is_active, is_system, created_at, updated_at) FROM stdin;
1	Executive Summary Template	executive-summary-template	Seeded template for executive_summary.	executive_summary	t	t	2026-04-15 17:52:11.328766+00	2026-04-15 17:53:16.410376+00
2	Technical Report Template	technical-report-template	Seeded template for technical_report.	technical_report	t	t	2026-04-15 17:52:11.329265+00	2026-04-15 17:53:16.4108+00
3	Comparison Report Template	comparison-report-template	Seeded template for comparison_report.	comparison_report	t	t	2026-04-15 17:52:11.329653+00	2026-04-15 17:53:16.411189+00
4	Per Host Template	per-host-template	Seeded template for per_host_report.	per_host_report	t	t	2026-04-15 17:52:11.330025+00	2026-04-15 17:53:16.411554+00
\.


--
-- Data for Name: scans_scaneventlog; Type: TABLE DATA; Schema: public; Owner: -
--

COPY public.scans_scaneventlog (id, event_type, message, created_at, metadata_json, execution_id) FROM stdin;
1	queued	Execution queued from scan request #1.	2026-04-15 13:02:43.824487+00	{}	1
2	started	Execution started and host discovery is running.	2026-04-15 13:02:43.826377+00	{}	1
3	progress	Collecting service fingerprints.	2026-04-15 13:02:43.827455+00	{"stage": "Service Detection", "progress_percent": 42}	1
4	stdout	Banner collection started	2026-04-15 13:02:43.827957+00	{}	1
5	completed	Execution completed for seed data	2026-04-15 13:02:43.82979+00	{}	2
6	progress	Fingerprinting detected services.	2026-04-15 13:02:43.904907+00	{"stage": "Service Detection", "progress_percent": 46}	1
7	progress	Fingerprinting detected services.	2026-04-15 13:02:43.9476+00	{"stage": "Service Detection", "progress_percent": 50}	1
8	progress	Fingerprinting detected services.	2026-04-15 13:02:44.040356+00	{"stage": "Service Detection", "progress_percent": 54}	1
9	progress	Fingerprinting detected services.	2026-04-15 13:02:44.06167+00	{"stage": "Service Detection", "progress_percent": 58}	1
10	progress	Collecting banner and version metadata.	2026-04-15 13:02:56.176004+00	{"stage": "Version Detection", "progress_percent": 63}	1
11	progress	Collecting banner and version metadata.	2026-04-15 13:02:56.177476+00	{"stage": "Version Detection", "progress_percent": 68}	1
12	progress	Collecting banner and version metadata.	2026-04-15 13:02:56.178629+00	{"stage": "Version Detection", "progress_percent": 73}	1
13	progress	Collecting banner and version metadata.	2026-04-15 13:02:56.180106+00	{"stage": "Version Detection", "progress_percent": 78}	1
14	progress	Running safe script analysis.	2026-04-15 13:02:56.181512+00	{"stage": "Script Analysis", "progress_percent": 83}	1
15	progress	Running safe script analysis.	2026-04-15 13:02:56.182646+00	{"stage": "Script Analysis", "progress_percent": 88}	1
16	progress	Running safe script analysis.	2026-04-15 13:02:56.183803+00	{"stage": "Script Analysis", "progress_percent": 93}	1
17	progress	Preparing final structured result.	2026-04-15 13:02:56.185622+00	{"stage": "Finalizing", "progress_percent": 98}	1
18	completed	Execution completed (simulated).	2026-04-15 13:02:56.187012+00	{}	1
19	queued	Execution queued from scan request #2.	2026-04-15 13:39:38.953524+00	{}	3
20	queued	Execution queued from scan request #3.	2026-04-15 13:44:14.136308+00	{}	4
21	started	Execution started and host discovery is running.	2026-04-15 13:50:29.034679+00	{}	4
22	started	Execution started and host discovery is running.	2026-04-15 13:50:29.036165+00	{}	3
40	queued	Execution queued from scan request #10.	2026-04-15 19:07:07.5048+00	{}	10
41	queued	Execution queued from scan request #9.	2026-04-15 19:07:07.508082+00	{}	11
42	started	Execution started and host discovery is running.	2026-04-15 19:07:07.514548+00	{}	11
43	started	Execution started and host discovery is running.	2026-04-15 19:07:07.515514+00	{}	10
44	started	Execution started and host discovery is running.	2026-04-15 19:07:07.516346+00	{}	7
45	progress	Collecting banner and version metadata.	2026-04-15 19:07:07.517128+00	{"stage": "Version Detection", "progress_percent": 72}	6
46	progress	Discovering reachable hosts.	2026-04-15 19:07:07.517923+00	{"stage": "Host Discovery", "progress_percent": 9}	4
47	progress	Discovering reachable hosts.	2026-04-15 19:07:07.518683+00	{"stage": "Host Discovery", "progress_percent": 9}	3
48	progress	Discovering reachable hosts.	2026-04-15 19:07:21.527937+00	{"stage": "Host Discovery", "progress_percent": 9}	11
49	progress	Discovering reachable hosts.	2026-04-15 19:07:21.529436+00	{"stage": "Host Discovery", "progress_percent": 9}	10
50	progress	Discovering reachable hosts.	2026-04-15 19:07:21.530641+00	{"stage": "Host Discovery", "progress_percent": 9}	7
51	progress	Running safe script analysis.	2026-04-15 19:07:21.531879+00	{"stage": "Script Analysis", "progress_percent": 83}	6
52	progress	Discovering reachable hosts.	2026-04-15 19:07:21.532936+00	{"stage": "Host Discovery", "progress_percent": 17}	4
53	progress	Discovering reachable hosts.	2026-04-15 19:07:21.533905+00	{"stage": "Host Discovery", "progress_percent": 17}	3
54	progress	Discovering reachable hosts.	2026-04-15 19:08:20.485821+00	{"stage": "Host Discovery", "progress_percent": 15}	11
55	progress	Discovering reachable hosts.	2026-04-15 19:08:20.487472+00	{"stage": "Host Discovery", "progress_percent": 15}	10
23	queued	Execution queued by scheduler.	2026-04-15 17:52:11.29849+00	{"seed_ref": "log:DEMO-EXE-1001:1"}	5
24	started	Worker accepted execution.	2026-04-15 17:52:11.299233+00	{"seed_ref": "log:DEMO-EXE-1001:2"}	5
25	host_discovery_complete	Host discovery completed.	2026-04-15 17:52:11.299969+00	{"seed_ref": "log:DEMO-EXE-1001:3"}	5
26	service_detection_complete	Service detection completed.	2026-04-15 17:52:11.30069+00	{"seed_ref": "log:DEMO-EXE-1001:4"}	5
27	parsing_complete	Result parsing completed.	2026-04-15 17:52:11.301629+00	{"seed_ref": "log:DEMO-EXE-1001:5"}	5
28	completed	Execution completed successfully.	2026-04-15 17:52:11.302364+00	{"seed_ref": "log:DEMO-EXE-1001:6"}	5
29	queued	Execution queued by analyst.	2026-04-15 17:52:11.303141+00	{"seed_ref": "log:DEMO-EXE-1002:1"}	6
30	started	Worker started execution.	2026-04-15 17:52:11.303893+00	{"seed_ref": "log:DEMO-EXE-1002:2"}	6
31	host_discovery_complete	Host discovery completed.	2026-04-15 17:52:11.304545+00	{"seed_ref": "log:DEMO-EXE-1002:3"}	6
32	service_detection_complete	Service probes in progress.	2026-04-15 17:52:11.30568+00	{"seed_ref": "log:DEMO-EXE-1002:4"}	6
33	queued	Execution queued and awaiting assignment.	2026-04-15 17:52:11.306578+00	{"seed_ref": "log:DEMO-EXE-1003:1"}	7
34	queued	Execution queued.	2026-04-15 17:52:11.307558+00	{"seed_ref": "log:DEMO-EXE-1004:1"}	8
35	started	Execution started on worker.	2026-04-15 17:52:11.308519+00	{"seed_ref": "log:DEMO-EXE-1004:2"}	8
36	failed	Execution failed due to policy restriction.	2026-04-15 17:52:11.309817+00	{"seed_ref": "log:DEMO-EXE-1004:3"}	8
37	queued	Execution queued.	2026-04-15 17:52:11.311203+00	{"seed_ref": "log:DEMO-EXE-1005:1"}	9
38	started	Execution started.	2026-04-15 17:52:11.31255+00	{"seed_ref": "log:DEMO-EXE-1005:2"}	9
39	cancelled	Execution manually cancelled by administrator.	2026-04-15 17:52:11.313747+00	{"seed_ref": "log:DEMO-EXE-1005:3"}	9
56	progress	Discovering reachable hosts.	2026-04-15 19:08:20.488624+00	{"stage": "Host Discovery", "progress_percent": 15}	7
57	progress	Running safe script analysis.	2026-04-15 19:08:20.489647+00	{"stage": "Script Analysis", "progress_percent": 94}	6
58	progress	Scanning top ports.	2026-04-15 19:08:20.490537+00	{"stage": "Port Scan", "progress_percent": 25}	4
59	progress	Scanning top ports.	2026-04-15 19:08:20.491506+00	{"stage": "Port Scan", "progress_percent": 25}	3
\.


--
-- Data for Name: scans_scanexecution; Type: TABLE DATA; Schema: public; Owner: -
--

COPY public.scans_scanexecution (id, execution_id, status, queue_status, started_at, completed_at, updated_at, duration_seconds, worker_name, progress_percent, current_stage, status_message, is_archived, priority, created_at, scan_request_id) FROM stdin;
2	EXE-20260415-31A1DA35	completed	done	\N	\N	2026-04-15 13:02:43.829233+00	64	worker-dev-02	100	Completed	Completed for results	f	3	2026-04-15 13:02:43.829242+00	1
11	EXE-20260415-ACE85EEA	running	processing	2026-04-15 19:07:07.513644+00	\N	2026-04-15 19:08:20.483236+00	72	worker-sim-01	15	Host Discovery	Discovering reachable hosts.	f	2	2026-04-15 19:07:07.507546+00	9
10	EXE-20260415-C7349EDB	running	processing	2026-04-15 19:07:07.514956+00	\N	2026-04-15 19:08:20.486823+00	72	worker-sim-01	15	Host Discovery	Discovering reachable hosts.	f	3	2026-04-15 19:07:07.504119+00	10
7	DEMO-EXE-1003	running	processing	2026-04-15 19:07:07.515868+00	\N	2026-04-15 19:08:20.488013+00	72	worker-charlie	15	Host Discovery	Discovering reachable hosts.	f	4	2026-04-15 17:52:11.283505+00	6
1	EXE-20260415-23119FBC	completed	done	2026-04-15 13:02:43.825677+00	2026-04-15 13:02:56.186346+00	2026-04-15 13:02:56.186375+00	12	worker-dev-01	100	Completed	Execution completed (simulated).	f	3	2026-04-15 13:02:43.823903+00	1
6	DEMO-EXE-1002	running	processing	2026-04-15 17:18:15.741367+00	\N	2026-04-15 19:08:20.489109+00	6604	worker-bravo	94	Script Analysis	Running safe script analysis.	f	3	2026-04-15 17:52:11.283046+00	5
4	EXE-20260415-E82B7700	running	processing	2026-04-15 13:50:29.033517+00	\N	2026-04-15 19:08:20.490003+00	19071	worker-sim-01	25	Port Scan	Scanning top ports.	f	3	2026-04-15 13:44:14.135683+00	3
3	EXE-20260415-1CB4C6F5	running	processing	2026-04-15 13:50:29.035463+00	\N	2026-04-15 19:08:20.49096+00	19071	worker-sim-01	25	Port Scan	Scanning top ports.	f	3	2026-04-15 13:39:38.953119+00	2
5	DEMO-EXE-1001	completed	done	2026-04-15 11:53:15.741367+00	2026-04-15 12:00:07.741367+00	2026-04-15 17:53:16.360843+00	412	worker-alpha	100	Completed	Scan finished successfully.	f	2	2026-04-15 17:52:11.282493+00	4
8	DEMO-EXE-1004	failed	error	2026-04-15 15:43:15.741367+00	2026-04-15 15:47:08.741367+00	2026-04-15 17:53:16.362208+00	233	worker-bravo	21	Host Discovery	Scan aborted due to policy/network error.	f	1	2026-04-15 17:52:11.283968+00	7
9	DEMO-EXE-1005	cancelled	error	2026-04-15 16:33:15.741367+00	2026-04-15 16:34:44.741367+00	2026-04-15 17:53:16.362648+00	89	worker-alpha	15	Cancelled	Execution manually cancelled by admin.	f	3	2026-04-15 17:52:11.284619+00	8
\.


--
-- Data for Name: scans_scanportresult; Type: TABLE DATA; Schema: public; Owner: -
--

COPY public.scans_scanportresult (id, port, protocol, state, service_name, service_version, risk_level, extra_data_json, result_id) FROM stdin;
1	3306	tcp	open	mysql	MySQL 8.0.28	high	{"source": "simulator"}	1
2	80	tcp	open	http	nginx 1.18.0	low	{"source": "simulator"}	1
3	8080	tcp	open	http-proxy	Squid 4.10	medium	{"source": "simulator"}	1
4	22	tcp	open	ssh	OpenSSH 8.2p1	low	{"source": "simulator"}	1
5	123	udp	open	ntp	NTP daemon	info	{"source": "simulator"}	1
6	3389	tcp	open	ms-wbt-server	RDP Service	high	{"source": "simulator"}	1
7	5432	tcp	open	postgresql	PostgreSQL 14	medium	{"source": "simulator"}	1
8	22	tcp	open	ssh	OpenSSH 8.2p1	low	{"source": "simulator"}	2
9	53	udp	open	domain	BIND 9.16	info	{"source": "simulator"}	2
10	8080	tcp	open	http-proxy	Squid 4.10	medium	{"source": "simulator"}	2
11	123	udp	open	ntp	NTP daemon	info	{"source": "simulator"}	2
12	3389	tcp	open	ms-wbt-server	RDP Service	high	{"source": "simulator"}	2
13	8443	tcp	open	https-alt	Jetty 9	medium	{"source": "simulator"}	2
14	5432	tcp	open	postgresql	PostgreSQL 14	medium	{"source": "simulator"}	2
15	443	tcp	open	https	nginx 1.20.1	low	{"source": "simulator"}	2
16	22	tcp	open	ssh	OpenSSH 8.9p1	medium	{"seed_ref": "port:DEMO-EXE-1001:22/tcp"}	3
17	80	tcp	open	http	nginx 1.24.0	low	{"seed_ref": "port:DEMO-EXE-1001:80/tcp"}	3
18	443	tcp	open	https	nginx TLS	low	{"seed_ref": "port:DEMO-EXE-1001:443/tcp"}	3
19	3306	tcp	open	mysql	MySQL 8.0.34	high	{"seed_ref": "port:DEMO-EXE-1001:3306/tcp"}	3
20	8080	tcp	open	http-proxy	Internal app service	medium	{"seed_ref": "port:DEMO-EXE-1001:8080/tcp"}	3
21	53	udp	open	domain	Internal DNS	low	{"seed_ref": "port:DEMO-EXE-1001:53/udp"}	3
22	80	tcp	open	http	nginx 1.22	low	{"seed_ref": "port:DEMO-EXE-1002:80/tcp"}	4
23	443	tcp	open	https	nginx TLS	low	{"seed_ref": "port:DEMO-EXE-1002:443/tcp"}	4
24	8443	tcp	open	https-alt	Admin console	high	{"seed_ref": "port:DEMO-EXE-1002:8443/tcp"}	4
25	9000	tcp	open	http	Metrics endpoint	medium	{"seed_ref": "port:DEMO-EXE-1002:9000/tcp"}	4
26	443	tcp	open	https	Edge HTTPS	medium	{"seed_ref": "port:DEMO-EXE-1004:443/tcp"}	5
27	8443	tcp	filtered	https-alt	Filtered admin endpoint	high	{"seed_ref": "port:DEMO-EXE-1004:8443/tcp"}	5
28	9100	tcp	open	jetdirect	Node exporter	info	{"seed_ref": "port:DEMO-EXE-1005:9100/tcp"}	6
\.


--
-- Data for Name: scans_scanprofile; Type: TABLE DATA; Schema: public; Owner: -
--

COPY public.scans_scanprofile (id, name, description, scan_type, port_scope, enable_host_discovery, enable_service_detection, enable_version_detection, enable_os_detection, enable_traceroute, enable_dns_resolution, timing_profile, is_system, is_active, created_at, updated_at, created_by_id) FROM stdin;
1	Safe Basic	Default low-risk baseline for authorized assets.	safe_basic	top_100	t	t	f	f	f	t	normal	t	t	2026-04-15 13:02:02.26552+00	2026-04-15 13:02:02.265528+00	\N
3	Host Discovery	Network host discovery with minimal service probing.	host_discovery		t	f	f	f	f	t	balanced	t	t	2026-04-15 17:52:11.273131+00	2026-04-15 17:53:16.353511+00	7
4	Quick TCP Scan	Quick internal TCP baseline scan.	quick_tcp	22,80,443,3389	t	t	f	f	f	t	fast	t	t	2026-04-15 17:52:11.273665+00	2026-04-15 17:53:16.353971+00	7
5	Top 100 Ports	Top 100 common ports with service fingerprints.	top_100	top-100	t	t	t	f	f	t	balanced	t	t	2026-04-15 17:52:11.274081+00	2026-04-15 17:53:16.354438+00	7
6	Top 1000 Ports	Top 1000 TCP ports for broader baseline coverage.	top_1000	top-1000	t	t	t	f	f	t	normal	t	t	2026-04-15 17:52:11.274497+00	2026-04-15 17:53:16.354874+00	7
2	Service Detection	Focused service and version detection pass.	service_detection	1-1024	t	t	t	t	f	t	normal	t	t	2026-04-15 13:02:02.266633+00	2026-04-15 17:53:16.355297+00	7
7	Safe Basic Scan	Low-impact standard scan template for daily operations.	safe_basic	80,443,8080,8443	t	t	f	f	f	t	balanced	t	t	2026-04-15 17:52:11.275421+00	2026-04-15 17:53:16.355741+00	7
8	Internal Web Audit	Internal web stack review profile for HTTP/HTTPS services.	service_detection	80,443,8080,8443,9000	t	t	t	f	t	t	normal	f	t	2026-04-15 17:52:11.275863+00	2026-04-15 17:53:16.356132+00	7
9	Database Port Review	Database segment scan profile for common DB ports.	top_100	1433,1521,3306,5432,6379,27017	t	t	t	f	f	t	balanced	f	t	2026-04-15 17:52:11.276295+00	2026-04-15 17:53:16.356532+00	7
\.


--
-- Data for Name: scans_scanrequest; Type: TABLE DATA; Schema: public; Owner: -
--

COPY public.scans_scanrequest (id, scan_type, port_input, enable_host_discovery, enable_service_detection, enable_version_detection, enable_os_detection, enable_traceroute, enable_dns_resolution, timing_profile, status, validation_summary, notes, requested_at, updated_at, profile_id, requested_by_id, target_id) FROM stdin;
1	safe_basic		t	t	t	f	f	t	normal	pending			2026-04-15 13:02:43.821722+00	2026-04-15 13:02:43.821728+00	1	2	1
2	safe_basic	top_100	t	t	f	f	f	t	normal	pending	Triggered by schedule	Triggered by schedule: Seeded Schedule 1	2026-04-15 13:39:38.952614+00	2026-04-15 13:39:38.952617+00	1	1	1
3	safe_basic	top_100	t	t	f	f	f	t	normal	pending	Triggered by schedule	Triggered by schedule: Seeded Schedule 1	2026-04-15 13:44:14.134894+00	2026-04-15 13:44:14.134897+00	1	1	1
4	safe_basic	80,443,8080	t	t	t	f	f	t	balanced	validated	Policy check passed. Approved for immediate execution.	seed:scan-request:SRQ-001	2026-04-15 17:52:11.277316+00	2026-04-15 17:53:16.357342+00	7	8	2
5	service_detection	80,443,8443	t	t	t	f	t	t	normal	pending	Pending security admin review due to traceroute option.	seed:scan-request:SRQ-002	2026-04-15 17:52:11.277844+00	2026-04-15 17:53:16.357877+00	8	9	6
6	top_100	3306,5432,6379	t	t	t	f	f	t	balanced	draft	Draft saved for maintenance window.	seed:scan-request:SRQ-003	2026-04-15 17:52:11.278285+00	2026-04-15 17:53:16.358319+00	9	10	8
7	top_1000	1-1000	t	t	t	f	f	t	normal	rejected	Rejected by policy: target in restricted DMZ range without override.	seed:scan-request:SRQ-004	2026-04-15 17:52:11.278715+00	2026-04-15 17:53:16.358811+00	6	11	4
8	quick_tcp	22,80,443,9100	t	t	t	f	f	t	fast	validated	Validated for routine monitoring baseline check.	seed:scan-request:SRQ-005	2026-04-15 17:52:11.279402+00	2026-04-15 17:53:16.359443+00	4	7	10
9	host_discovery		t	t	t	f	t	t	balanced	pending	Pending approval for broad network host discovery.	seed:scan-request:SRQ-006	2026-04-15 17:52:11.280069+00	2026-04-15 17:53:16.359916+00	3	6	12
10	quick_tcp	80	t	t	t	t	t	t	normal	pending	{"target_label": "monitoring.local", "scan_type": "quick_tcp", "timing_profile": "normal", "port_input": "80", "host_discovery": true, "service_detection": true, "version_detection": true, "os_detection": true, "traceroute": true, "dns_resolution": true, "errors": [], "warnings": []}		2026-04-15 19:06:37.066677+00	2026-04-15 19:06:37.066685+00	4	6	10
\.


--
-- Data for Name: scans_scanresult; Type: TABLE DATA; Schema: public; Owner: -
--

COPY public.scans_scanresult (id, target_snapshot, host_status, total_open_ports, total_closed_ports, total_filtered_ports, total_services_detected, os_guess, raw_output_text, raw_output_xml, parsed_output_json, traceroute_data_json, script_output_json, result_summary, generated_at, updated_at, execution_id) FROM stdin;
1	10.10.10.10	up	7	969	24	7	FreeBSD 13	# Nmap simulated run for 10.10.10.10\nStarting Nmap at 2026-04-15 13:02:43 UTC\nHost 10.10.10.10 is up.\nPORT     STATE SERVICE      VERSION\n22/tcp  open  ssh          OpenSSH 8.2p1\n80/tcp  open  http         nginx 1.18.0\n123/udp  open  ntp          NTP daemon\n3306/tcp  open  mysql        MySQL 8.0.28\n3389/tcp  open  ms-wbt-server RDP Service\n5432/tcp  open  postgresql   PostgreSQL 14\n8080/tcp  open  http-proxy   Squid 4.10\nNmap done: 1 IP address (1 host up) scanned.	<nmaprun><host>simulated</host></nmaprun>	{"host": {"status": "up", "target": "10.10.10.10", "os_guess": "FreeBSD 13", "latency_ms": 1.153}, "ports": [{"port": 3306, "risk": "high", "state": "open", "service": "mysql", "version": "MySQL 8.0.28", "protocol": "tcp"}, {"port": 80, "risk": "low", "state": "open", "service": "http", "version": "nginx 1.18.0", "protocol": "tcp"}, {"port": 8080, "risk": "medium", "state": "open", "service": "http-proxy", "version": "Squid 4.10", "protocol": "tcp"}, {"port": 22, "risk": "low", "state": "open", "service": "ssh", "version": "OpenSSH 8.2p1", "protocol": "tcp"}, {"port": 123, "risk": "info", "state": "open", "service": "ntp", "version": "NTP daemon", "protocol": "udp"}, {"port": 3389, "risk": "high", "state": "open", "service": "ms-wbt-server", "version": "RDP Service", "protocol": "tcp"}, {"port": 5432, "risk": "medium", "state": "open", "service": "postgresql", "version": "PostgreSQL 14", "protocol": "tcp"}], "summary": {"open_ports": 7, "closed_ports": 969, "filtered_ports": 24}}	[{"hop": 1, "host": "10.0.7.105", "latency_ms": 2.42}, {"hop": 2, "host": "10.0.10.6", "latency_ms": 13.53}, {"hop": 3, "host": "10.0.4.105", "latency_ms": 0.59}, {"hop": 4, "host": "10.0.9.81", "latency_ms": 9.0}]	{"alerts": [], "safe_scripts": ["banner", "http-title", "ssl-cert"]}	{"service_count": 7, "high_risk_ports": [3306, 3389], "critical_findings": 2}	2026-04-15 13:02:43.830395+00	2026-04-15 13:02:43.831345+00	2
2	10.10.10.10	up	8	980	12	8	Ubuntu 22.04	# Nmap simulated run for 10.10.10.10\nStarting Nmap at 2026-04-15 13:02:56 UTC\nHost 10.10.10.10 is up.\nPORT     STATE SERVICE      VERSION\n22/tcp  open  ssh          OpenSSH 8.2p1\n53/udp  open  domain       BIND 9.16\n123/udp  open  ntp          NTP daemon\n443/tcp  open  https        nginx 1.20.1\n3389/tcp  open  ms-wbt-server RDP Service\n5432/tcp  open  postgresql   PostgreSQL 14\n8080/tcp  open  http-proxy   Squid 4.10\n8443/tcp  open  https-alt    Jetty 9\nNmap done: 1 IP address (1 host up) scanned.	<nmaprun><host>simulated</host></nmaprun>	{"host": {"status": "up", "target": "10.10.10.10", "os_guess": "Ubuntu 22.04", "latency_ms": 1.966}, "ports": [{"port": 22, "risk": "low", "state": "open", "service": "ssh", "version": "OpenSSH 8.2p1", "protocol": "tcp"}, {"port": 53, "risk": "info", "state": "open", "service": "domain", "version": "BIND 9.16", "protocol": "udp"}, {"port": 8080, "risk": "medium", "state": "open", "service": "http-proxy", "version": "Squid 4.10", "protocol": "tcp"}, {"port": 123, "risk": "info", "state": "open", "service": "ntp", "version": "NTP daemon", "protocol": "udp"}, {"port": 3389, "risk": "high", "state": "open", "service": "ms-wbt-server", "version": "RDP Service", "protocol": "tcp"}, {"port": 8443, "risk": "medium", "state": "open", "service": "https-alt", "version": "Jetty 9", "protocol": "tcp"}, {"port": 5432, "risk": "medium", "state": "open", "service": "postgresql", "version": "PostgreSQL 14", "protocol": "tcp"}, {"port": 443, "risk": "low", "state": "open", "service": "https", "version": "nginx 1.20.1", "protocol": "tcp"}], "summary": {"open_ports": 8, "closed_ports": 980, "filtered_ports": 12}}	[{"hop": 1, "host": "10.0.10.12", "latency_ms": 2.26}, {"hop": 2, "host": "10.0.10.224", "latency_ms": 10.13}, {"hop": 3, "host": "10.0.10.124", "latency_ms": 2.57}, {"hop": 4, "host": "10.0.10.64", "latency_ms": 4.47}]	{"alerts": [{"name": "weak-cipher", "detail": "TLS endpoint allows weak ciphers.", "severity": "medium"}], "safe_scripts": ["banner", "http-title", "ssl-cert"]}	{"service_count": 8, "high_risk_ports": [3389], "critical_findings": 1}	2026-04-15 13:02:56.187698+00	2026-04-15 13:02:56.188527+00	1
3	10.10.1.5	up	5	120	18	5	Ubuntu Linux 22.04 LTS	Nmap scan report for 10.10.1.5\nHost is up (0.005s latency).\nPORT     STATE SERVICE VERSION\n22/tcp   open  ssh     OpenSSH 8.9p1\n80/tcp   open  http    nginx 1.24.0\n443/tcp  open  https   nginx 1.24.0\n3306/tcp open  mysql   MySQL 8.0.34\n8080/tcp open  http    Internal API Gateway	<nmaprun><host><address addr='10.10.1.5'/></host></nmaprun>	{"host": "10.10.1.5", "ports": [22, 80, 443, 3306, 8080], "status": "up", "services": ["ssh", "http", "https", "mysql", "http"]}	[{"ip": "10.10.1.1", "hop": 1}, {"ip": "10.10.1.5", "hop": 2}]	{"http-title": "ScanOps Internal API", "ssh-hostkey": "rsa-sha2-512"}	{"seed_ref": "result:DEMO-EXE-1001", "risk_hint": "high"}	2026-04-15 17:08:15.741367+00	2026-04-15 17:53:16.363634+00	5
6	monitoring.local	unknown	1	6	44	1	N/A	Execution cancelled before full completion.\nPartial data retained for audit.	<nmaprun><host><address addr='monitoring.local'/></host></nmaprun>	{"ports": [9100], "status": "cancelled", "partial": true}	[]	{"cancel_reason": "manual_admin_stop"}	{"seed_ref": "result:DEMO-EXE-1005", "risk_hint": "medium"}	2026-04-15 17:08:15.741367+00	2026-04-15 17:53:16.365806+00	9
4	internal-api.local	up	4	97	12	4	Debian GNU/Linux 12	Nmap scan report for internal-api.local\nHost is up.\nPORT     STATE SERVICE VERSION\n80/tcp   open  http    nginx 1.22\n443/tcp  open  https   nginx 1.22\n8443/tcp open  ssl/http Java Spring Boot\n9000/tcp open  http    Metrics Endpoint	<nmaprun><host><address addr='internal-api.local'/></host></nmaprun>	{"host": "internal-api.local", "ports": [80, 443, 8443, 9000], "status": "up", "services": ["http", "https", "ssl/http", "http"]}	[{"ip": "10.10.5.1", "hop": 1}, {"ip": "10.10.5.10", "hop": 2}]	{"ssl-cert": "CN=internal-api.local", "http-security-headers": "partial"}	{"seed_ref": "result:DEMO-EXE-1002", "risk_hint": "medium"}	2026-04-15 17:08:15.741367+00	2026-04-15 17:53:16.364525+00	6
5	10.10.5.20	partial	2	18	230	2	Unknown (firewalled)	Nmap scan report for 10.10.5.20\nHost seems down or heavily filtered.\nPORT     STATE    SERVICE\n443/tcp  open     https\n8443/tcp filtered https-alt	<nmaprun><host><address addr='10.10.5.20'/></host></nmaprun>	{"host": "10.10.5.20", "notes": ["heavy filtering", "policy restriction"], "ports": [443, 8443], "status": "partial", "services": ["https", "https-alt"]}	[{"ip": "10.10.5.1", "hop": 1}, {"ip": "10.10.5.20", "hop": 2}]	{"policy-check": "restricted target"}	{"seed_ref": "result:DEMO-EXE-1004", "risk_hint": "medium"}	2026-04-15 17:08:15.741367+00	2026-04-15 17:53:16.365181+00	8
\.


--
-- Data for Name: schedules_scanschedule; Type: TABLE DATA; Schema: public; Owner: -
--

COPY public.schedules_scanschedule (id, name, scan_type, port_input, enable_host_discovery, enable_service_detection, enable_version_detection, enable_os_detection, enable_traceroute, enable_dns_resolution, timing_profile, schedule_type, recurrence_rule, start_at, end_at, next_run_at, last_run_at, is_enabled, notification_enabled, created_at, updated_at, created_by_id, profile_id, target_id) FROM stdin;
2	Action Test Schedule	safe_basic	80,443	t	t	f	f	f	t	normal	daily		2026-04-15 08:44:00+00	\N	2026-04-16 08:44:00+00	\N	t	t	2026-04-15 13:44:14.130161+00	2026-04-15 13:44:14.130784+00	1	1	1
1	Seeded Schedule 1	safe_basic	top_100	t	t	f	f	f	t	normal	daily		2026-04-15 13:44:38.931181+00	\N	2026-04-16 13:44:14.133814+00	2026-04-15 13:44:14.133814+00	t	t	2026-04-15 13:39:38.950221+00	2026-04-15 13:44:14.137363+00	1	1	1
3	Daily Internal Audit	service_detection	80,443,8080,8443,9000	t	t	t	f	t	t	normal	daily		2026-04-14 16:53:15.741367+00	\N	2026-04-16 16:53:15.741367+00	\N	t	t	2026-04-15 17:52:11.333407+00	2026-04-15 17:53:16.415486+00	7	8	6
4	Weekly Web Server Review	top_100	top-100	t	t	t	f	f	t	balanced	weekly		2026-04-08 17:53:15.741367+00	\N	2026-04-22 17:53:15.741367+00	\N	t	t	2026-04-15 17:52:11.334194+00	2026-04-15 17:53:16.416205+00	8	5	3
5	One-time Database Validation	top_100	1433,1521,3306,5432,6379,27017	t	t	t	f	f	t	balanced	one_time		2026-04-15 23:53:15.741367+00	\N	2026-04-15 23:53:15.741367+00	\N	t	t	2026-04-15 17:52:11.334844+00	2026-04-15 17:53:16.41691+00	10	9	8
6	Monthly Infrastructure Sweep	host_discovery		t	f	f	f	f	t	balanced	monthly		2026-03-16 17:53:15.741367+00	\N	2026-05-15 17:53:15.741367+00	\N	t	f	2026-04-15 17:52:11.335525+00	2026-04-15 17:53:16.417536+00	6	3	12
\.


--
-- Data for Name: schedules_schedulerunlog; Type: TABLE DATA; Schema: public; Owner: -
--

COPY public.schedules_schedulerunlog (id, run_at, status, message, created_at, execution_id, generated_report_id, schedule_id) FROM stdin;
1	2026-04-15 13:39:38.951912+00	completed	Execution queued as EXE-20260415-1CB4C6F5.	2026-04-15 13:39:38.952021+00	3	\N	1
2	2026-04-15 13:44:14.133814+00	completed	Execution queued as EXE-20260415-E82B7700.	2026-04-15 13:44:14.133922+00	4	\N	1
3	2026-04-15 13:53:15.741367+00	completed	Seeded run: execution queued as DEMO-EXE-1001.	2026-04-15 17:52:11.33669+00	5	10	3
4	2026-04-15 15:43:15.741367+00	triggered	Seeded run: execution queued as DEMO-EXE-1002.	2026-04-15 17:52:11.337179+00	6	\N	4
5	2026-04-15 17:23:15.741367+00	pending	Seeded run: awaiting maintenance window.	2026-04-15 17:52:11.337612+00	\N	\N	5
6	2026-04-14 14:53:15.741367+00	skipped	Seeded run: schedule skipped due to maintenance freeze.	2026-04-15 17:52:11.338054+00	\N	\N	6
7	2026-04-13 16:53:15.741367+00	failed	Seeded run: execution failed on worker-bravo.	2026-04-15 17:52:11.338903+00	8	11	4
\.


--
-- Data for Name: targets_target; Type: TABLE DATA; Schema: public; Owner: -
--

COPY public.targets_target (id, name, target_value, normalized_value, target_type, notes, tags, status, created_at, updated_at, created_by_id, owner_id) FROM stdin;
1	Core Gateway	10.10.10.10	10.10.10.10	ip			active	2026-04-15 13:02:43.817946+00	2026-04-15 13:02:43.817959+00	2	2
2	Core App Server 01	10.10.1.5	10.10.1.5	ip	Primary internal app node.	production,web,critical	active	2026-04-15 17:52:11.266562+00	2026-04-15 17:53:16.34792+00	6	7
3	Core App Server 02	10.10.1.10	10.10.1.10	ip	Secondary app node.	production,web,app	active	2026-04-15 17:52:11.26759+00	2026-04-15 17:53:16.3485+00	6	7
4	DMZ Node	10.10.5.20	10.10.5.20	ip	DMZ-facing service node. Restricted by policy.	dmz,edge,restricted	restricted	2026-04-15 17:52:11.268312+00	2026-04-15 17:53:16.34895+00	6	7
5	Database Cluster Gateway	172.16.10.5	172.16.10.5	ip	Gateway address for database segment.	database,internal	active	2026-04-15 17:52:11.268784+00	2026-04-15 17:53:16.349405+00	7	8
6	Internal API	internal-api.local	internal-api.local	domain	Main internal API service.	api,internal	active	2026-04-15 17:52:11.269233+00	2026-04-15 17:53:16.349834+00	7	8
7	Intranet Portal	intranet.local	intranet.local	domain	Corporate intranet frontend.	portal,web,corp	active	2026-04-15 17:52:11.269664+00	2026-04-15 17:53:16.350258+00	7	9
8	DB Core	db-core.local	db-core.local	domain	Primary DB core hostname.	database,critical	active	2026-04-15 17:52:11.270083+00	2026-04-15 17:53:16.350676+00	7	10
9	File Server	fileserver.local	fileserver.local	domain	Internal file storage node.	storage,smb,internal	active	2026-04-15 17:52:11.2705+00	2026-04-15 17:53:16.351091+00	7	10
10	Monitoring Service	monitoring.local	monitoring.local	domain	Monitoring and observability stack endpoint.	monitoring,ops	active	2026-04-15 17:52:11.270932+00	2026-04-15 17:53:16.351514+00	7	11
11	App Gateway	app-gateway.local	app-gateway.local	domain	Primary internal application gateway.	gateway,proxy	active	2026-04-15 17:52:11.271359+00	2026-04-15 17:53:16.351935+00	7	11
12	Corp Segment	192.168.10.0/24	192.168.10.0/24	cidr	Corporate endpoint VLAN segment.	network,segment	active	2026-04-15 17:52:11.271779+00	2026-04-15 17:53:16.352351+00	6	9
13	IPv6 Ops Node	fd00::10	fd00::10	ipv6	Lab IPv6 node for compatibility validation.	ipv6,lab	inactive	2026-04-15 17:52:11.272201+00	2026-04-15 17:53:16.352761+00	6	12
\.


--
-- Data for Name: tbl_user; Type: TABLE DATA; Schema: public; Owner: -
--

COPY public.tbl_user (id, password, last_login, is_superuser, username, first_name, last_name, is_staff, is_active, date_joined, email, is_administrator, is_operator) FROM stdin;
1	pbkdf2_sha256$600000$W2mMWciDDRqwM7NG2sr9KI$oocfyxZd6/yFgLiLtzkdMxWLE6x7JFHmZj4c9M91bI0=	2026-04-15 19:07:43.472524+00	t	jaki	Abdullah Al Mohin	Jaki	t	t	2026-04-15 06:11:19.801522+00		t	t
2	pbkdf2_sha256$600000$Vpl9nhzz0HFXgnvvwxm54A$v1w9ZLh9MDWXioz6umfY9IywMBUA6ErrSyHtGVldJuw=	2026-04-15 13:04:43.118584+00	t	phase2tester			t	t	2026-04-15 13:02:43.732426+00	phase2tester@scanops.local	t	t
3	pbkdf2_sha256$600000$7xdPLjI22P2xK8XeFZVhsD$+h9oB0ui3THG84QmNv9BtPOK9/cNFM7DWgqpaNKzHrE=	2026-04-15 13:40:21.640409+00	f	phase4_tester			f	t	2026-04-15 13:40:08.501015+00	phase4_tester@scanops.local	f	t
4	pbkdf2_sha256$600000$69bOp1e3Wx3XlxCv3VhrFI$Lh0QtCfQKrv2x1mx+C5NmOLZxw014TSfSbXJu/aseoo=	2026-04-15 17:34:23.467449+00	f	ops_admin	Ops	Admin	t	t	2026-04-15 17:32:11.483263+00	ops_admin@example.com	t	t
6	pbkdf2_sha256$600000$4e1etmENBx3UTsR20BpKzF$Pg3syB8+ckjOmfNSnXArduwyXi7sAjT3J+t42MvloHk=	2026-04-15 19:08:47.67745+00	t	superadmin	Super	Admin	t	t	2026-04-15 17:52:10.658368+00	superadmin@scanops.local	t	t
7	pbkdf2_sha256$600000$DqeCjA8uN2DgooHHHYtQ2v$wd8FUt53srasSfIJxVNy1zsUDOmTn9PrMW180QXS/n0=	2026-04-15 18:21:23.739795+00	f	securityadmin	Security	Admin	t	t	2026-04-15 17:52:10.74904+00	securityadmin@scanops.local	t	t
8	pbkdf2_sha256$600000$2G7XmKeK5ZVE0aDBvnSjy5$GDGVPs1OknapL80DONDNbzXlZ6luwD4gP4WSWOsxnA0=	\N	f	analyst1	Analyst	One	f	t	2026-04-15 17:52:10.834651+00	analyst1@scanops.local	f	t
9	pbkdf2_sha256$600000$dsomrcv7FWSZrMG4wezF0R$fsIT5Nr4FvzwHHdf+HyMr0VO0z3xPqtwYJ3XcIwHFOQ=	\N	f	analyst2	Analyst	Two	f	t	2026-04-15 17:52:10.920728+00	analyst2@scanops.local	f	t
10	pbkdf2_sha256$600000$1T6nf2VNpbg89CfwnBz1KG$Q7HskB95z4FlZnjnXB3seGpLMV051pfDToz7Dgb8uxE=	\N	f	operator1	Operator	One	f	t	2026-04-15 17:52:11.007541+00	operator1@scanops.local	f	t
11	pbkdf2_sha256$600000$rfx2kPPcAVuAt2EEXSQ9Ov$ETJvQgun1Le+7716lfVku2El7JCbkUTJ/Zu75+Fxy7g=	\N	f	operator2	Operator	Two	f	t	2026-04-15 17:52:11.093818+00	operator2@scanops.local	f	t
12	pbkdf2_sha256$600000$uugZdAk1qlOChxkvtPA6MM$0RNxsKOkRX0RHk+fIyT4wu4Kky+maralrCZ9iCG4/cI=	2026-04-15 19:11:05.643792+00	f	viewer1	Viewer	One	f	t	2026-04-15 17:52:11.179232+00	viewer1@scanops.local	f	f
\.


--
-- Data for Name: tbl_user_groups; Type: TABLE DATA; Schema: public; Owner: -
--

COPY public.tbl_user_groups (id, user_id, group_id) FROM stdin;
15	6	1
16	7	2
17	8	3
18	9	3
19	10	4
20	11	4
21	12	5
\.


--
-- Data for Name: tbl_user_user_permissions; Type: TABLE DATA; Schema: public; Owner: -
--

COPY public.tbl_user_user_permissions (id, user_id, permission_id) FROM stdin;
\.


--
-- Name: assets_asset_id_seq; Type: SEQUENCE SET; Schema: public; Owner: -
--

SELECT pg_catalog.setval('public.assets_asset_id_seq', 7, true);


--
-- Name: assets_assetchangelog_id_seq; Type: SEQUENCE SET; Schema: public; Owner: -
--

SELECT pg_catalog.setval('public.assets_assetchangelog_id_seq', 14, true);


--
-- Name: assets_assetsnapshot_id_seq; Type: SEQUENCE SET; Schema: public; Owner: -
--

SELECT pg_catalog.setval('public.assets_assetsnapshot_id_seq', 12, true);


--
-- Name: auth_group_id_seq; Type: SEQUENCE SET; Schema: public; Owner: -
--

SELECT pg_catalog.setval('public.auth_group_id_seq', 5, true);


--
-- Name: auth_group_permissions_id_seq; Type: SEQUENCE SET; Schema: public; Owner: -
--

SELECT pg_catalog.setval('public.auth_group_permissions_id_seq', 1, false);


--
-- Name: auth_permission_id_seq; Type: SEQUENCE SET; Schema: public; Owner: -
--

SELECT pg_catalog.setval('public.auth_permission_id_seq', 128, true);


--
-- Name: axes_accessattempt_id_seq; Type: SEQUENCE SET; Schema: public; Owner: -
--

SELECT pg_catalog.setval('public.axes_accessattempt_id_seq', 1, false);


--
-- Name: axes_accessfailurelog_id_seq; Type: SEQUENCE SET; Schema: public; Owner: -
--

SELECT pg_catalog.setval('public.axes_accessfailurelog_id_seq', 1, false);


--
-- Name: axes_accesslog_id_seq; Type: SEQUENCE SET; Schema: public; Owner: -
--

SELECT pg_catalog.setval('public.axes_accesslog_id_seq', 30, true);


--
-- Name: db_user_logs_id_seq; Type: SEQUENCE SET; Schema: public; Owner: -
--

SELECT pg_catalog.setval('public.db_user_logs_id_seq', 25, true);


--
-- Name: django_admin_log_id_seq; Type: SEQUENCE SET; Schema: public; Owner: -
--

SELECT pg_catalog.setval('public.django_admin_log_id_seq', 1, false);


--
-- Name: django_content_type_id_seq; Type: SEQUENCE SET; Schema: public; Owner: -
--

SELECT pg_catalog.setval('public.django_content_type_id_seq', 32, true);


--
-- Name: django_migrations_id_seq; Type: SEQUENCE SET; Schema: public; Owner: -
--

SELECT pg_catalog.setval('public.django_migrations_id_seq', 39, true);


--
-- Name: notifications_notification_id_seq; Type: SEQUENCE SET; Schema: public; Owner: -
--

SELECT pg_catalog.setval('public.notifications_notification_id_seq', 32, true);


--
-- Name: ops_adminauditlog_id_seq; Type: SEQUENCE SET; Schema: public; Owner: -
--

SELECT pg_catalog.setval('public.ops_adminauditlog_id_seq', 8, true);


--
-- Name: ops_appsetting_id_seq; Type: SEQUENCE SET; Schema: public; Owner: -
--

SELECT pg_catalog.setval('public.ops_appsetting_id_seq', 36, true);


--
-- Name: ops_permissionrule_id_seq; Type: SEQUENCE SET; Schema: public; Owner: -
--

SELECT pg_catalog.setval('public.ops_permissionrule_id_seq', 125, true);


--
-- Name: ops_role_id_seq; Type: SEQUENCE SET; Schema: public; Owner: -
--

SELECT pg_catalog.setval('public.ops_role_id_seq', 5, true);


--
-- Name: ops_systemhealthsnapshot_id_seq; Type: SEQUENCE SET; Schema: public; Owner: -
--

SELECT pg_catalog.setval('public.ops_systemhealthsnapshot_id_seq', 45, true);


--
-- Name: ops_userprofile_id_seq; Type: SEQUENCE SET; Schema: public; Owner: -
--

SELECT pg_catalog.setval('public.ops_userprofile_id_seq', 12, true);


--
-- Name: ops_workerstatussnapshot_id_seq; Type: SEQUENCE SET; Schema: public; Owner: -
--

SELECT pg_catalog.setval('public.ops_workerstatussnapshot_id_seq', 3, true);


--
-- Name: reports_generatedreport_id_seq; Type: SEQUENCE SET; Schema: public; Owner: -
--

SELECT pg_catalog.setval('public.reports_generatedreport_id_seq', 13, true);


--
-- Name: reports_reporttemplate_id_seq; Type: SEQUENCE SET; Schema: public; Owner: -
--

SELECT pg_catalog.setval('public.reports_reporttemplate_id_seq', 4, true);


--
-- Name: scans_scaneventlog_id_seq; Type: SEQUENCE SET; Schema: public; Owner: -
--

SELECT pg_catalog.setval('public.scans_scaneventlog_id_seq', 59, true);


--
-- Name: scans_scanexecution_id_seq; Type: SEQUENCE SET; Schema: public; Owner: -
--

SELECT pg_catalog.setval('public.scans_scanexecution_id_seq', 11, true);


--
-- Name: scans_scanportresult_id_seq; Type: SEQUENCE SET; Schema: public; Owner: -
--

SELECT pg_catalog.setval('public.scans_scanportresult_id_seq', 28, true);


--
-- Name: scans_scanprofile_id_seq; Type: SEQUENCE SET; Schema: public; Owner: -
--

SELECT pg_catalog.setval('public.scans_scanprofile_id_seq', 9, true);


--
-- Name: scans_scanrequest_id_seq; Type: SEQUENCE SET; Schema: public; Owner: -
--

SELECT pg_catalog.setval('public.scans_scanrequest_id_seq', 10, true);


--
-- Name: scans_scanresult_id_seq; Type: SEQUENCE SET; Schema: public; Owner: -
--

SELECT pg_catalog.setval('public.scans_scanresult_id_seq', 6, true);


--
-- Name: schedules_scanschedule_id_seq; Type: SEQUENCE SET; Schema: public; Owner: -
--

SELECT pg_catalog.setval('public.schedules_scanschedule_id_seq', 6, true);


--
-- Name: schedules_schedulerunlog_id_seq; Type: SEQUENCE SET; Schema: public; Owner: -
--

SELECT pg_catalog.setval('public.schedules_schedulerunlog_id_seq', 7, true);


--
-- Name: targets_target_id_seq; Type: SEQUENCE SET; Schema: public; Owner: -
--

SELECT pg_catalog.setval('public.targets_target_id_seq', 13, true);


--
-- Name: tbl_user_groups_id_seq; Type: SEQUENCE SET; Schema: public; Owner: -
--

SELECT pg_catalog.setval('public.tbl_user_groups_id_seq', 21, true);


--
-- Name: tbl_user_id_seq; Type: SEQUENCE SET; Schema: public; Owner: -
--

SELECT pg_catalog.setval('public.tbl_user_id_seq', 12, true);


--
-- Name: tbl_user_user_permissions_id_seq; Type: SEQUENCE SET; Schema: public; Owner: -
--

SELECT pg_catalog.setval('public.tbl_user_user_permissions_id_seq', 1, false);


--
-- Name: assets_asset assets_asset_canonical_identifier_key; Type: CONSTRAINT; Schema: public; Owner: -
--

ALTER TABLE ONLY public.assets_asset
    ADD CONSTRAINT assets_asset_canonical_identifier_key UNIQUE (canonical_identifier);


--
-- Name: assets_asset assets_asset_pkey; Type: CONSTRAINT; Schema: public; Owner: -
--

ALTER TABLE ONLY public.assets_asset
    ADD CONSTRAINT assets_asset_pkey PRIMARY KEY (id);


--
-- Name: assets_assetchangelog assets_assetchangelog_pkey; Type: CONSTRAINT; Schema: public; Owner: -
--

ALTER TABLE ONLY public.assets_assetchangelog
    ADD CONSTRAINT assets_assetchangelog_pkey PRIMARY KEY (id);


--
-- Name: assets_assetsnapshot assets_assetsnapshot_pkey; Type: CONSTRAINT; Schema: public; Owner: -
--

ALTER TABLE ONLY public.assets_assetsnapshot
    ADD CONSTRAINT assets_assetsnapshot_pkey PRIMARY KEY (id);


--
-- Name: auth_group auth_group_name_key; Type: CONSTRAINT; Schema: public; Owner: -
--

ALTER TABLE ONLY public.auth_group
    ADD CONSTRAINT auth_group_name_key UNIQUE (name);


--
-- Name: auth_group_permissions auth_group_permissions_group_id_permission_id_0cd325b0_uniq; Type: CONSTRAINT; Schema: public; Owner: -
--

ALTER TABLE ONLY public.auth_group_permissions
    ADD CONSTRAINT auth_group_permissions_group_id_permission_id_0cd325b0_uniq UNIQUE (group_id, permission_id);


--
-- Name: auth_group_permissions auth_group_permissions_pkey; Type: CONSTRAINT; Schema: public; Owner: -
--

ALTER TABLE ONLY public.auth_group_permissions
    ADD CONSTRAINT auth_group_permissions_pkey PRIMARY KEY (id);


--
-- Name: auth_group auth_group_pkey; Type: CONSTRAINT; Schema: public; Owner: -
--

ALTER TABLE ONLY public.auth_group
    ADD CONSTRAINT auth_group_pkey PRIMARY KEY (id);


--
-- Name: auth_permission auth_permission_content_type_id_codename_01ab375a_uniq; Type: CONSTRAINT; Schema: public; Owner: -
--

ALTER TABLE ONLY public.auth_permission
    ADD CONSTRAINT auth_permission_content_type_id_codename_01ab375a_uniq UNIQUE (content_type_id, codename);


--
-- Name: auth_permission auth_permission_pkey; Type: CONSTRAINT; Schema: public; Owner: -
--

ALTER TABLE ONLY public.auth_permission
    ADD CONSTRAINT auth_permission_pkey PRIMARY KEY (id);


--
-- Name: axes_accessattempt axes_accessattempt_pkey; Type: CONSTRAINT; Schema: public; Owner: -
--

ALTER TABLE ONLY public.axes_accessattempt
    ADD CONSTRAINT axes_accessattempt_pkey PRIMARY KEY (id);


--
-- Name: axes_accessattempt axes_accessattempt_username_ip_address_user_agent_8ea22282_uniq; Type: CONSTRAINT; Schema: public; Owner: -
--

ALTER TABLE ONLY public.axes_accessattempt
    ADD CONSTRAINT axes_accessattempt_username_ip_address_user_agent_8ea22282_uniq UNIQUE (username, ip_address, user_agent);


--
-- Name: axes_accessfailurelog axes_accessfailurelog_pkey; Type: CONSTRAINT; Schema: public; Owner: -
--

ALTER TABLE ONLY public.axes_accessfailurelog
    ADD CONSTRAINT axes_accessfailurelog_pkey PRIMARY KEY (id);


--
-- Name: axes_accesslog axes_accesslog_pkey; Type: CONSTRAINT; Schema: public; Owner: -
--

ALTER TABLE ONLY public.axes_accesslog
    ADD CONSTRAINT axes_accesslog_pkey PRIMARY KEY (id);


--
-- Name: db_user_logs db_user_logs_pkey; Type: CONSTRAINT; Schema: public; Owner: -
--

ALTER TABLE ONLY public.db_user_logs
    ADD CONSTRAINT db_user_logs_pkey PRIMARY KEY (id);


--
-- Name: django_admin_log django_admin_log_pkey; Type: CONSTRAINT; Schema: public; Owner: -
--

ALTER TABLE ONLY public.django_admin_log
    ADD CONSTRAINT django_admin_log_pkey PRIMARY KEY (id);


--
-- Name: django_content_type django_content_type_app_label_model_76bd3d3b_uniq; Type: CONSTRAINT; Schema: public; Owner: -
--

ALTER TABLE ONLY public.django_content_type
    ADD CONSTRAINT django_content_type_app_label_model_76bd3d3b_uniq UNIQUE (app_label, model);


--
-- Name: django_content_type django_content_type_pkey; Type: CONSTRAINT; Schema: public; Owner: -
--

ALTER TABLE ONLY public.django_content_type
    ADD CONSTRAINT django_content_type_pkey PRIMARY KEY (id);


--
-- Name: django_migrations django_migrations_pkey; Type: CONSTRAINT; Schema: public; Owner: -
--

ALTER TABLE ONLY public.django_migrations
    ADD CONSTRAINT django_migrations_pkey PRIMARY KEY (id);


--
-- Name: django_session django_session_pkey; Type: CONSTRAINT; Schema: public; Owner: -
--

ALTER TABLE ONLY public.django_session
    ADD CONSTRAINT django_session_pkey PRIMARY KEY (session_key);


--
-- Name: notifications_notification notifications_notification_pkey; Type: CONSTRAINT; Schema: public; Owner: -
--

ALTER TABLE ONLY public.notifications_notification
    ADD CONSTRAINT notifications_notification_pkey PRIMARY KEY (id);


--
-- Name: ops_adminauditlog ops_adminauditlog_pkey; Type: CONSTRAINT; Schema: public; Owner: -
--

ALTER TABLE ONLY public.ops_adminauditlog
    ADD CONSTRAINT ops_adminauditlog_pkey PRIMARY KEY (id);


--
-- Name: ops_appsetting ops_appsetting_key_key; Type: CONSTRAINT; Schema: public; Owner: -
--

ALTER TABLE ONLY public.ops_appsetting
    ADD CONSTRAINT ops_appsetting_key_key UNIQUE (key);


--
-- Name: ops_appsetting ops_appsetting_pkey; Type: CONSTRAINT; Schema: public; Owner: -
--

ALTER TABLE ONLY public.ops_appsetting
    ADD CONSTRAINT ops_appsetting_pkey PRIMARY KEY (id);


--
-- Name: ops_permissionrule ops_permissionrule_pkey; Type: CONSTRAINT; Schema: public; Owner: -
--

ALTER TABLE ONLY public.ops_permissionrule
    ADD CONSTRAINT ops_permissionrule_pkey PRIMARY KEY (id);


--
-- Name: ops_role ops_role_name_key; Type: CONSTRAINT; Schema: public; Owner: -
--

ALTER TABLE ONLY public.ops_role
    ADD CONSTRAINT ops_role_name_key UNIQUE (name);


--
-- Name: ops_role ops_role_pkey; Type: CONSTRAINT; Schema: public; Owner: -
--

ALTER TABLE ONLY public.ops_role
    ADD CONSTRAINT ops_role_pkey PRIMARY KEY (id);


--
-- Name: ops_role ops_role_slug_key; Type: CONSTRAINT; Schema: public; Owner: -
--

ALTER TABLE ONLY public.ops_role
    ADD CONSTRAINT ops_role_slug_key UNIQUE (slug);


--
-- Name: ops_systemhealthsnapshot ops_systemhealthsnapshot_pkey; Type: CONSTRAINT; Schema: public; Owner: -
--

ALTER TABLE ONLY public.ops_systemhealthsnapshot
    ADD CONSTRAINT ops_systemhealthsnapshot_pkey PRIMARY KEY (id);


--
-- Name: ops_userprofile ops_userprofile_pkey; Type: CONSTRAINT; Schema: public; Owner: -
--

ALTER TABLE ONLY public.ops_userprofile
    ADD CONSTRAINT ops_userprofile_pkey PRIMARY KEY (id);


--
-- Name: ops_userprofile ops_userprofile_user_id_key; Type: CONSTRAINT; Schema: public; Owner: -
--

ALTER TABLE ONLY public.ops_userprofile
    ADD CONSTRAINT ops_userprofile_user_id_key UNIQUE (user_id);


--
-- Name: ops_workerstatussnapshot ops_workerstatussnapshot_pkey; Type: CONSTRAINT; Schema: public; Owner: -
--

ALTER TABLE ONLY public.ops_workerstatussnapshot
    ADD CONSTRAINT ops_workerstatussnapshot_pkey PRIMARY KEY (id);


--
-- Name: reports_generatedreport reports_generatedreport_pkey; Type: CONSTRAINT; Schema: public; Owner: -
--

ALTER TABLE ONLY public.reports_generatedreport
    ADD CONSTRAINT reports_generatedreport_pkey PRIMARY KEY (id);


--
-- Name: reports_reporttemplate reports_reporttemplate_pkey; Type: CONSTRAINT; Schema: public; Owner: -
--

ALTER TABLE ONLY public.reports_reporttemplate
    ADD CONSTRAINT reports_reporttemplate_pkey PRIMARY KEY (id);


--
-- Name: reports_reporttemplate reports_reporttemplate_slug_key; Type: CONSTRAINT; Schema: public; Owner: -
--

ALTER TABLE ONLY public.reports_reporttemplate
    ADD CONSTRAINT reports_reporttemplate_slug_key UNIQUE (slug);


--
-- Name: scans_scaneventlog scans_scaneventlog_pkey; Type: CONSTRAINT; Schema: public; Owner: -
--

ALTER TABLE ONLY public.scans_scaneventlog
    ADD CONSTRAINT scans_scaneventlog_pkey PRIMARY KEY (id);


--
-- Name: scans_scanexecution scans_scanexecution_execution_id_key; Type: CONSTRAINT; Schema: public; Owner: -
--

ALTER TABLE ONLY public.scans_scanexecution
    ADD CONSTRAINT scans_scanexecution_execution_id_key UNIQUE (execution_id);


--
-- Name: scans_scanexecution scans_scanexecution_pkey; Type: CONSTRAINT; Schema: public; Owner: -
--

ALTER TABLE ONLY public.scans_scanexecution
    ADD CONSTRAINT scans_scanexecution_pkey PRIMARY KEY (id);


--
-- Name: scans_scanportresult scans_scanportresult_pkey; Type: CONSTRAINT; Schema: public; Owner: -
--

ALTER TABLE ONLY public.scans_scanportresult
    ADD CONSTRAINT scans_scanportresult_pkey PRIMARY KEY (id);


--
-- Name: scans_scanprofile scans_scanprofile_pkey; Type: CONSTRAINT; Schema: public; Owner: -
--

ALTER TABLE ONLY public.scans_scanprofile
    ADD CONSTRAINT scans_scanprofile_pkey PRIMARY KEY (id);


--
-- Name: scans_scanrequest scans_scanrequest_pkey; Type: CONSTRAINT; Schema: public; Owner: -
--

ALTER TABLE ONLY public.scans_scanrequest
    ADD CONSTRAINT scans_scanrequest_pkey PRIMARY KEY (id);


--
-- Name: scans_scanresult scans_scanresult_execution_id_key; Type: CONSTRAINT; Schema: public; Owner: -
--

ALTER TABLE ONLY public.scans_scanresult
    ADD CONSTRAINT scans_scanresult_execution_id_key UNIQUE (execution_id);


--
-- Name: scans_scanresult scans_scanresult_pkey; Type: CONSTRAINT; Schema: public; Owner: -
--

ALTER TABLE ONLY public.scans_scanresult
    ADD CONSTRAINT scans_scanresult_pkey PRIMARY KEY (id);


--
-- Name: schedules_scanschedule schedules_scanschedule_pkey; Type: CONSTRAINT; Schema: public; Owner: -
--

ALTER TABLE ONLY public.schedules_scanschedule
    ADD CONSTRAINT schedules_scanschedule_pkey PRIMARY KEY (id);


--
-- Name: schedules_schedulerunlog schedules_schedulerunlog_pkey; Type: CONSTRAINT; Schema: public; Owner: -
--

ALTER TABLE ONLY public.schedules_schedulerunlog
    ADD CONSTRAINT schedules_schedulerunlog_pkey PRIMARY KEY (id);


--
-- Name: targets_target targets_target_pkey; Type: CONSTRAINT; Schema: public; Owner: -
--

ALTER TABLE ONLY public.targets_target
    ADD CONSTRAINT targets_target_pkey PRIMARY KEY (id);


--
-- Name: tbl_user tbl_user_email_key; Type: CONSTRAINT; Schema: public; Owner: -
--

ALTER TABLE ONLY public.tbl_user
    ADD CONSTRAINT tbl_user_email_key UNIQUE (email);


--
-- Name: tbl_user_groups tbl_user_groups_pkey; Type: CONSTRAINT; Schema: public; Owner: -
--

ALTER TABLE ONLY public.tbl_user_groups
    ADD CONSTRAINT tbl_user_groups_pkey PRIMARY KEY (id);


--
-- Name: tbl_user_groups tbl_user_groups_user_id_group_id_96fc015e_uniq; Type: CONSTRAINT; Schema: public; Owner: -
--

ALTER TABLE ONLY public.tbl_user_groups
    ADD CONSTRAINT tbl_user_groups_user_id_group_id_96fc015e_uniq UNIQUE (user_id, group_id);


--
-- Name: tbl_user tbl_user_pkey; Type: CONSTRAINT; Schema: public; Owner: -
--

ALTER TABLE ONLY public.tbl_user
    ADD CONSTRAINT tbl_user_pkey PRIMARY KEY (id);


--
-- Name: tbl_user_user_permissions tbl_user_user_permissions_pkey; Type: CONSTRAINT; Schema: public; Owner: -
--

ALTER TABLE ONLY public.tbl_user_user_permissions
    ADD CONSTRAINT tbl_user_user_permissions_pkey PRIMARY KEY (id);


--
-- Name: tbl_user_user_permissions tbl_user_user_permissions_user_id_permission_id_98f65383_uniq; Type: CONSTRAINT; Schema: public; Owner: -
--

ALTER TABLE ONLY public.tbl_user_user_permissions
    ADD CONSTRAINT tbl_user_user_permissions_user_id_permission_id_98f65383_uniq UNIQUE (user_id, permission_id);


--
-- Name: tbl_user tbl_user_username_key; Type: CONSTRAINT; Schema: public; Owner: -
--

ALTER TABLE ONLY public.tbl_user
    ADD CONSTRAINT tbl_user_username_key UNIQUE (username);


--
-- Name: ops_permissionrule uniq_role_permission_rule; Type: CONSTRAINT; Schema: public; Owner: -
--

ALTER TABLE ONLY public.ops_permissionrule
    ADD CONSTRAINT uniq_role_permission_rule UNIQUE (role_id, permission_key);


--
-- Name: scans_scanportresult uniq_scan_port_result_per_protocol; Type: CONSTRAINT; Schema: public; Owner: -
--

ALTER TABLE ONLY public.scans_scanportresult
    ADD CONSTRAINT uniq_scan_port_result_per_protocol UNIQUE (result_id, port, protocol);


--
-- Name: targets_target uniq_target_target_type_normalized_value; Type: CONSTRAINT; Schema: public; Owner: -
--

ALTER TABLE ONLY public.targets_target
    ADD CONSTRAINT uniq_target_target_type_normalized_value UNIQUE (target_type, normalized_value);


--
-- Name: assets_asse_asset_i_27415a_idx; Type: INDEX; Schema: public; Owner: -
--

CREATE INDEX assets_asse_asset_i_27415a_idx ON public.assets_assetchangelog USING btree (asset_id, change_type, created_at);


--
-- Name: assets_asse_asset_i_a664a5_idx; Type: INDEX; Schema: public; Owner: -
--

CREATE INDEX assets_asse_asset_i_a664a5_idx ON public.assets_assetsnapshot USING btree (asset_id, created_at);


--
-- Name: assets_asse_canonic_4560f8_idx; Type: INDEX; Schema: public; Owner: -
--

CREATE INDEX assets_asse_canonic_4560f8_idx ON public.assets_asset USING btree (canonical_identifier);


--
-- Name: assets_asse_last_sc_f5f9ee_idx; Type: INDEX; Schema: public; Owner: -
--

CREATE INDEX assets_asse_last_sc_f5f9ee_idx ON public.assets_asset USING btree (last_scanned_at);


--
-- Name: assets_asse_risk_le_eec624_idx; Type: INDEX; Schema: public; Owner: -
--

CREATE INDEX assets_asse_risk_le_eec624_idx ON public.assets_asset USING btree (risk_level, status);


--
-- Name: assets_asset_canonical_identifier_6001be5f_like; Type: INDEX; Schema: public; Owner: -
--

CREATE INDEX assets_asset_canonical_identifier_6001be5f_like ON public.assets_asset USING btree (canonical_identifier varchar_pattern_ops);


--
-- Name: assets_asset_target_id_93d409c3; Type: INDEX; Schema: public; Owner: -
--

CREATE INDEX assets_asset_target_id_93d409c3 ON public.assets_asset USING btree (target_id);


--
-- Name: assets_assetchangelog_asset_id_2c199fc4; Type: INDEX; Schema: public; Owner: -
--

CREATE INDEX assets_assetchangelog_asset_id_2c199fc4 ON public.assets_assetchangelog USING btree (asset_id);


--
-- Name: assets_assetchangelog_current_snapshot_id_beb934cd; Type: INDEX; Schema: public; Owner: -
--

CREATE INDEX assets_assetchangelog_current_snapshot_id_beb934cd ON public.assets_assetchangelog USING btree (current_snapshot_id);


--
-- Name: assets_assetchangelog_previous_snapshot_id_505d6dd5; Type: INDEX; Schema: public; Owner: -
--

CREATE INDEX assets_assetchangelog_previous_snapshot_id_505d6dd5 ON public.assets_assetchangelog USING btree (previous_snapshot_id);


--
-- Name: assets_assetsnapshot_asset_id_08a61f73; Type: INDEX; Schema: public; Owner: -
--

CREATE INDEX assets_assetsnapshot_asset_id_08a61f73 ON public.assets_assetsnapshot USING btree (asset_id);


--
-- Name: assets_assetsnapshot_source_result_id_a0367ed2; Type: INDEX; Schema: public; Owner: -
--

CREATE INDEX assets_assetsnapshot_source_result_id_a0367ed2 ON public.assets_assetsnapshot USING btree (source_result_id);


--
-- Name: auth_group_name_a6ea08ec_like; Type: INDEX; Schema: public; Owner: -
--

CREATE INDEX auth_group_name_a6ea08ec_like ON public.auth_group USING btree (name varchar_pattern_ops);


--
-- Name: auth_group_permissions_group_id_b120cbf9; Type: INDEX; Schema: public; Owner: -
--

CREATE INDEX auth_group_permissions_group_id_b120cbf9 ON public.auth_group_permissions USING btree (group_id);


--
-- Name: auth_group_permissions_permission_id_84c5c92e; Type: INDEX; Schema: public; Owner: -
--

CREATE INDEX auth_group_permissions_permission_id_84c5c92e ON public.auth_group_permissions USING btree (permission_id);


--
-- Name: auth_permission_content_type_id_2f476e4b; Type: INDEX; Schema: public; Owner: -
--

CREATE INDEX auth_permission_content_type_id_2f476e4b ON public.auth_permission USING btree (content_type_id);


--
-- Name: axes_accessattempt_ip_address_10922d9c; Type: INDEX; Schema: public; Owner: -
--

CREATE INDEX axes_accessattempt_ip_address_10922d9c ON public.axes_accessattempt USING btree (ip_address);


--
-- Name: axes_accessattempt_user_agent_ad89678b; Type: INDEX; Schema: public; Owner: -
--

CREATE INDEX axes_accessattempt_user_agent_ad89678b ON public.axes_accessattempt USING btree (user_agent);


--
-- Name: axes_accessattempt_user_agent_ad89678b_like; Type: INDEX; Schema: public; Owner: -
--

CREATE INDEX axes_accessattempt_user_agent_ad89678b_like ON public.axes_accessattempt USING btree (user_agent varchar_pattern_ops);


--
-- Name: axes_accessattempt_username_3f2d4ca0; Type: INDEX; Schema: public; Owner: -
--

CREATE INDEX axes_accessattempt_username_3f2d4ca0 ON public.axes_accessattempt USING btree (username);


--
-- Name: axes_accessattempt_username_3f2d4ca0_like; Type: INDEX; Schema: public; Owner: -
--

CREATE INDEX axes_accessattempt_username_3f2d4ca0_like ON public.axes_accessattempt USING btree (username varchar_pattern_ops);


--
-- Name: axes_accessfailurelog_ip_address_2e9f5a7f; Type: INDEX; Schema: public; Owner: -
--

CREATE INDEX axes_accessfailurelog_ip_address_2e9f5a7f ON public.axes_accessfailurelog USING btree (ip_address);


--
-- Name: axes_accessfailurelog_user_agent_ea145dda; Type: INDEX; Schema: public; Owner: -
--

CREATE INDEX axes_accessfailurelog_user_agent_ea145dda ON public.axes_accessfailurelog USING btree (user_agent);


--
-- Name: axes_accessfailurelog_user_agent_ea145dda_like; Type: INDEX; Schema: public; Owner: -
--

CREATE INDEX axes_accessfailurelog_user_agent_ea145dda_like ON public.axes_accessfailurelog USING btree (user_agent varchar_pattern_ops);


--
-- Name: axes_accessfailurelog_username_a8b7e8a4; Type: INDEX; Schema: public; Owner: -
--

CREATE INDEX axes_accessfailurelog_username_a8b7e8a4 ON public.axes_accessfailurelog USING btree (username);


--
-- Name: axes_accessfailurelog_username_a8b7e8a4_like; Type: INDEX; Schema: public; Owner: -
--

CREATE INDEX axes_accessfailurelog_username_a8b7e8a4_like ON public.axes_accessfailurelog USING btree (username varchar_pattern_ops);


--
-- Name: axes_accesslog_ip_address_86b417e5; Type: INDEX; Schema: public; Owner: -
--

CREATE INDEX axes_accesslog_ip_address_86b417e5 ON public.axes_accesslog USING btree (ip_address);


--
-- Name: axes_accesslog_user_agent_0e659004; Type: INDEX; Schema: public; Owner: -
--

CREATE INDEX axes_accesslog_user_agent_0e659004 ON public.axes_accesslog USING btree (user_agent);


--
-- Name: axes_accesslog_user_agent_0e659004_like; Type: INDEX; Schema: public; Owner: -
--

CREATE INDEX axes_accesslog_user_agent_0e659004_like ON public.axes_accesslog USING btree (user_agent varchar_pattern_ops);


--
-- Name: axes_accesslog_username_df93064b; Type: INDEX; Schema: public; Owner: -
--

CREATE INDEX axes_accesslog_username_df93064b ON public.axes_accesslog USING btree (username);


--
-- Name: axes_accesslog_username_df93064b_like; Type: INDEX; Schema: public; Owner: -
--

CREATE INDEX axes_accesslog_username_df93064b_like ON public.axes_accesslog USING btree (username varchar_pattern_ops);


--
-- Name: db_user_logs_action_datetime_d53ff23c; Type: INDEX; Schema: public; Owner: -
--

CREATE INDEX db_user_logs_action_datetime_d53ff23c ON public.db_user_logs USING btree (action_datetime);


--
-- Name: db_user_logs_action_type_411f356c; Type: INDEX; Schema: public; Owner: -
--

CREATE INDEX db_user_logs_action_type_411f356c ON public.db_user_logs USING btree (action_type);


--
-- Name: db_user_logs_action_type_411f356c_like; Type: INDEX; Schema: public; Owner: -
--

CREATE INDEX db_user_logs_action_type_411f356c_like ON public.db_user_logs USING btree (action_type varchar_pattern_ops);


--
-- Name: db_user_logs_user_id_a6502723; Type: INDEX; Schema: public; Owner: -
--

CREATE INDEX db_user_logs_user_id_a6502723 ON public.db_user_logs USING btree (user_id);


--
-- Name: db_user_logs_username_snapshot_aa19064c; Type: INDEX; Schema: public; Owner: -
--

CREATE INDEX db_user_logs_username_snapshot_aa19064c ON public.db_user_logs USING btree (username_snapshot);


--
-- Name: db_user_logs_username_snapshot_aa19064c_like; Type: INDEX; Schema: public; Owner: -
--

CREATE INDEX db_user_logs_username_snapshot_aa19064c_like ON public.db_user_logs USING btree (username_snapshot varchar_pattern_ops);


--
-- Name: django_admin_log_content_type_id_c4bce8eb; Type: INDEX; Schema: public; Owner: -
--

CREATE INDEX django_admin_log_content_type_id_c4bce8eb ON public.django_admin_log USING btree (content_type_id);


--
-- Name: django_admin_log_user_id_c564eba6; Type: INDEX; Schema: public; Owner: -
--

CREATE INDEX django_admin_log_user_id_c564eba6 ON public.django_admin_log USING btree (user_id);


--
-- Name: django_session_expire_date_a5c62663; Type: INDEX; Schema: public; Owner: -
--

CREATE INDEX django_session_expire_date_a5c62663 ON public.django_session USING btree (expire_date);


--
-- Name: django_session_session_key_c0390e0f_like; Type: INDEX; Schema: public; Owner: -
--

CREATE INDEX django_session_session_key_c0390e0f_like ON public.django_session USING btree (session_key varchar_pattern_ops);


--
-- Name: notificatio_notific_5d5c3c_idx; Type: INDEX; Schema: public; Owner: -
--

CREATE INDEX notificatio_notific_5d5c3c_idx ON public.notifications_notification USING btree (notification_type, severity);


--
-- Name: notificatio_recipie_86ea8b_idx; Type: INDEX; Schema: public; Owner: -
--

CREATE INDEX notificatio_recipie_86ea8b_idx ON public.notifications_notification USING btree (recipient_id, is_read, created_at);


--
-- Name: notifications_notification_recipient_id_d055f3f0; Type: INDEX; Schema: public; Owner: -
--

CREATE INDEX notifications_notification_recipient_id_d055f3f0 ON public.notifications_notification USING btree (recipient_id);


--
-- Name: notifications_notification_related_asset_id_3bd623bd; Type: INDEX; Schema: public; Owner: -
--

CREATE INDEX notifications_notification_related_asset_id_3bd623bd ON public.notifications_notification USING btree (related_asset_id);


--
-- Name: notifications_notification_related_execution_id_9376b60d; Type: INDEX; Schema: public; Owner: -
--

CREATE INDEX notifications_notification_related_execution_id_9376b60d ON public.notifications_notification USING btree (related_execution_id);


--
-- Name: notifications_notification_related_result_id_a99f7d9b; Type: INDEX; Schema: public; Owner: -
--

CREATE INDEX notifications_notification_related_result_id_a99f7d9b ON public.notifications_notification USING btree (related_result_id);


--
-- Name: notifications_notification_related_schedule_id_baff5bdf; Type: INDEX; Schema: public; Owner: -
--

CREATE INDEX notifications_notification_related_schedule_id_baff5bdf ON public.notifications_notification USING btree (related_schedule_id);


--
-- Name: ops_adminau_action_6ef982_idx; Type: INDEX; Schema: public; Owner: -
--

CREATE INDEX ops_adminau_action_6ef982_idx ON public.ops_adminauditlog USING btree (action, created_at);


--
-- Name: ops_adminau_actor_i_ac81b6_idx; Type: INDEX; Schema: public; Owner: -
--

CREATE INDEX ops_adminau_actor_i_ac81b6_idx ON public.ops_adminauditlog USING btree (actor_id, created_at);


--
-- Name: ops_adminau_target__dafd2b_idx; Type: INDEX; Schema: public; Owner: -
--

CREATE INDEX ops_adminau_target__dafd2b_idx ON public.ops_adminauditlog USING btree (target_type, target_id);


--
-- Name: ops_adminauditlog_actor_id_8fcc0012; Type: INDEX; Schema: public; Owner: -
--

CREATE INDEX ops_adminauditlog_actor_id_8fcc0012 ON public.ops_adminauditlog USING btree (actor_id);


--
-- Name: ops_appsett_categor_683105_idx; Type: INDEX; Schema: public; Owner: -
--

CREATE INDEX ops_appsett_categor_683105_idx ON public.ops_appsetting USING btree (category, is_active);


--
-- Name: ops_appsetting_key_2de03265_like; Type: INDEX; Schema: public; Owner: -
--

CREATE INDEX ops_appsetting_key_2de03265_like ON public.ops_appsetting USING btree (key varchar_pattern_ops);


--
-- Name: ops_appsetting_updated_by_id_708680fd; Type: INDEX; Schema: public; Owner: -
--

CREATE INDEX ops_appsetting_updated_by_id_708680fd ON public.ops_appsetting USING btree (updated_by_id);


--
-- Name: ops_permissionrule_role_id_de18ec89; Type: INDEX; Schema: public; Owner: -
--

CREATE INDEX ops_permissionrule_role_id_de18ec89 ON public.ops_permissionrule USING btree (role_id);


--
-- Name: ops_role_name_cebdffd7_like; Type: INDEX; Schema: public; Owner: -
--

CREATE INDEX ops_role_name_cebdffd7_like ON public.ops_role USING btree (name varchar_pattern_ops);


--
-- Name: ops_role_slug_47dd9bed_like; Type: INDEX; Schema: public; Owner: -
--

CREATE INDEX ops_role_slug_47dd9bed_like ON public.ops_role USING btree (slug varchar_pattern_ops);


--
-- Name: ops_systemh_service_b9f79c_idx; Type: INDEX; Schema: public; Owner: -
--

CREATE INDEX ops_systemh_service_b9f79c_idx ON public.ops_systemhealthsnapshot USING btree (service_name, checked_at);


--
-- Name: ops_systemh_status_0802cd_idx; Type: INDEX; Schema: public; Owner: -
--

CREATE INDEX ops_systemh_status_0802cd_idx ON public.ops_systemhealthsnapshot USING btree (status, checked_at);


--
-- Name: ops_userprofile_role_id_23f7b398; Type: INDEX; Schema: public; Owner: -
--

CREATE INDEX ops_userprofile_role_id_23f7b398 ON public.ops_userprofile USING btree (role_id);


--
-- Name: ops_workers_status_12ec24_idx; Type: INDEX; Schema: public; Owner: -
--

CREATE INDEX ops_workers_status_12ec24_idx ON public.ops_workerstatussnapshot USING btree (status, heartbeat_at);


--
-- Name: ops_workers_worker__3c0e68_idx; Type: INDEX; Schema: public; Owner: -
--

CREATE INDEX ops_workers_worker__3c0e68_idx ON public.ops_workerstatussnapshot USING btree (worker_name, created_at);


--
-- Name: reports_gen_format_a21813_idx; Type: INDEX; Schema: public; Owner: -
--

CREATE INDEX reports_gen_format_a21813_idx ON public.reports_generatedreport USING btree (format, created_at);


--
-- Name: reports_gen_report__03c5ee_idx; Type: INDEX; Schema: public; Owner: -
--

CREATE INDEX reports_gen_report__03c5ee_idx ON public.reports_generatedreport USING btree (report_type, status, created_at);


--
-- Name: reports_generatedreport_asset_id_e5be561f; Type: INDEX; Schema: public; Owner: -
--

CREATE INDEX reports_generatedreport_asset_id_e5be561f ON public.reports_generatedreport USING btree (asset_id);


--
-- Name: reports_generatedreport_comparison_left_result_id_c10d84e8; Type: INDEX; Schema: public; Owner: -
--

CREATE INDEX reports_generatedreport_comparison_left_result_id_c10d84e8 ON public.reports_generatedreport USING btree (comparison_left_result_id);


--
-- Name: reports_generatedreport_comparison_right_result_id_4ba0362c; Type: INDEX; Schema: public; Owner: -
--

CREATE INDEX reports_generatedreport_comparison_right_result_id_4ba0362c ON public.reports_generatedreport USING btree (comparison_right_result_id);


--
-- Name: reports_generatedreport_generated_by_id_634c8b8f; Type: INDEX; Schema: public; Owner: -
--

CREATE INDEX reports_generatedreport_generated_by_id_634c8b8f ON public.reports_generatedreport USING btree (generated_by_id);


--
-- Name: reports_generatedreport_report_template_id_b793d642; Type: INDEX; Schema: public; Owner: -
--

CREATE INDEX reports_generatedreport_report_template_id_b793d642 ON public.reports_generatedreport USING btree (report_template_id);


--
-- Name: reports_generatedreport_source_execution_id_0710febd; Type: INDEX; Schema: public; Owner: -
--

CREATE INDEX reports_generatedreport_source_execution_id_0710febd ON public.reports_generatedreport USING btree (source_execution_id);


--
-- Name: reports_generatedreport_source_result_id_6d4e94cf; Type: INDEX; Schema: public; Owner: -
--

CREATE INDEX reports_generatedreport_source_result_id_6d4e94cf ON public.reports_generatedreport USING btree (source_result_id);


--
-- Name: reports_reporttemplate_slug_339a2fbb_like; Type: INDEX; Schema: public; Owner: -
--

CREATE INDEX reports_reporttemplate_slug_339a2fbb_like ON public.reports_reporttemplate USING btree (slug varchar_pattern_ops);


--
-- Name: scans_scane_event_t_654d3f_idx; Type: INDEX; Schema: public; Owner: -
--

CREATE INDEX scans_scane_event_t_654d3f_idx ON public.scans_scaneventlog USING btree (event_type, created_at);


--
-- Name: scans_scane_executi_51374c_idx; Type: INDEX; Schema: public; Owner: -
--

CREATE INDEX scans_scane_executi_51374c_idx ON public.scans_scaneventlog USING btree (execution_id, created_at);


--
-- Name: scans_scane_is_arch_1c8cac_idx; Type: INDEX; Schema: public; Owner: -
--

CREATE INDEX scans_scane_is_arch_1c8cac_idx ON public.scans_scanexecution USING btree (is_archived, created_at);


--
-- Name: scans_scane_status_71eaf3_idx; Type: INDEX; Schema: public; Owner: -
--

CREATE INDEX scans_scane_status_71eaf3_idx ON public.scans_scanexecution USING btree (status, queue_status, created_at);


--
-- Name: scans_scaneventlog_execution_id_e1589cc9; Type: INDEX; Schema: public; Owner: -
--

CREATE INDEX scans_scaneventlog_execution_id_e1589cc9 ON public.scans_scaneventlog USING btree (execution_id);


--
-- Name: scans_scanexecution_execution_id_731257ee_like; Type: INDEX; Schema: public; Owner: -
--

CREATE INDEX scans_scanexecution_execution_id_731257ee_like ON public.scans_scanexecution USING btree (execution_id varchar_pattern_ops);


--
-- Name: scans_scanexecution_scan_request_id_b24895c3; Type: INDEX; Schema: public; Owner: -
--

CREATE INDEX scans_scanexecution_scan_request_id_b24895c3 ON public.scans_scanexecution USING btree (scan_request_id);


--
-- Name: scans_scanp_risk_le_e61c48_idx; Type: INDEX; Schema: public; Owner: -
--

CREATE INDEX scans_scanp_risk_le_e61c48_idx ON public.scans_scanportresult USING btree (risk_level, port);


--
-- Name: scans_scanportresult_result_id_54e18c8f; Type: INDEX; Schema: public; Owner: -
--

CREATE INDEX scans_scanportresult_result_id_54e18c8f ON public.scans_scanportresult USING btree (result_id);


--
-- Name: scans_scanprofile_created_by_id_38c9b688; Type: INDEX; Schema: public; Owner: -
--

CREATE INDEX scans_scanprofile_created_by_id_38c9b688 ON public.scans_scanprofile USING btree (created_by_id);


--
-- Name: scans_scanr_host_st_096c22_idx; Type: INDEX; Schema: public; Owner: -
--

CREATE INDEX scans_scanr_host_st_096c22_idx ON public.scans_scanresult USING btree (host_status, generated_at);


--
-- Name: scans_scanr_scan_ty_472369_idx; Type: INDEX; Schema: public; Owner: -
--

CREATE INDEX scans_scanr_scan_ty_472369_idx ON public.scans_scanrequest USING btree (scan_type);


--
-- Name: scans_scanr_status_987e3f_idx; Type: INDEX; Schema: public; Owner: -
--

CREATE INDEX scans_scanr_status_987e3f_idx ON public.scans_scanrequest USING btree (status, requested_at);


--
-- Name: scans_scanr_target__04b6a5_idx; Type: INDEX; Schema: public; Owner: -
--

CREATE INDEX scans_scanr_target__04b6a5_idx ON public.scans_scanresult USING btree (target_snapshot);


--
-- Name: scans_scanrequest_profile_id_83176e68; Type: INDEX; Schema: public; Owner: -
--

CREATE INDEX scans_scanrequest_profile_id_83176e68 ON public.scans_scanrequest USING btree (profile_id);


--
-- Name: scans_scanrequest_requested_by_id_0c343753; Type: INDEX; Schema: public; Owner: -
--

CREATE INDEX scans_scanrequest_requested_by_id_0c343753 ON public.scans_scanrequest USING btree (requested_by_id);


--
-- Name: scans_scanrequest_target_id_4f815d18; Type: INDEX; Schema: public; Owner: -
--

CREATE INDEX scans_scanrequest_target_id_4f815d18 ON public.scans_scanrequest USING btree (target_id);


--
-- Name: schedules_s_is_enab_470e74_idx; Type: INDEX; Schema: public; Owner: -
--

CREATE INDEX schedules_s_is_enab_470e74_idx ON public.schedules_scanschedule USING btree (is_enabled, next_run_at);


--
-- Name: schedules_s_schedul_497557_idx; Type: INDEX; Schema: public; Owner: -
--

CREATE INDEX schedules_s_schedul_497557_idx ON public.schedules_schedulerunlog USING btree (schedule_id, run_at);


--
-- Name: schedules_s_schedul_d42605_idx; Type: INDEX; Schema: public; Owner: -
--

CREATE INDEX schedules_s_schedul_d42605_idx ON public.schedules_scanschedule USING btree (schedule_type, created_at);


--
-- Name: schedules_s_status_02b201_idx; Type: INDEX; Schema: public; Owner: -
--

CREATE INDEX schedules_s_status_02b201_idx ON public.schedules_schedulerunlog USING btree (status, run_at);


--
-- Name: schedules_scanschedule_created_by_id_557d1f4d; Type: INDEX; Schema: public; Owner: -
--

CREATE INDEX schedules_scanschedule_created_by_id_557d1f4d ON public.schedules_scanschedule USING btree (created_by_id);


--
-- Name: schedules_scanschedule_profile_id_be917153; Type: INDEX; Schema: public; Owner: -
--

CREATE INDEX schedules_scanschedule_profile_id_be917153 ON public.schedules_scanschedule USING btree (profile_id);


--
-- Name: schedules_scanschedule_target_id_883cd86e; Type: INDEX; Schema: public; Owner: -
--

CREATE INDEX schedules_scanschedule_target_id_883cd86e ON public.schedules_scanschedule USING btree (target_id);


--
-- Name: schedules_schedulerunlog_execution_id_80153421; Type: INDEX; Schema: public; Owner: -
--

CREATE INDEX schedules_schedulerunlog_execution_id_80153421 ON public.schedules_schedulerunlog USING btree (execution_id);


--
-- Name: schedules_schedulerunlog_generated_report_id_ffc85186; Type: INDEX; Schema: public; Owner: -
--

CREATE INDEX schedules_schedulerunlog_generated_report_id_ffc85186 ON public.schedules_schedulerunlog USING btree (generated_report_id);


--
-- Name: schedules_schedulerunlog_schedule_id_1c65a8f1; Type: INDEX; Schema: public; Owner: -
--

CREATE INDEX schedules_schedulerunlog_schedule_id_1c65a8f1 ON public.schedules_schedulerunlog USING btree (schedule_id);


--
-- Name: targets_tar_created_939f89_idx; Type: INDEX; Schema: public; Owner: -
--

CREATE INDEX targets_tar_created_939f89_idx ON public.targets_target USING btree (created_at);


--
-- Name: targets_tar_target__9ef506_idx; Type: INDEX; Schema: public; Owner: -
--

CREATE INDEX targets_tar_target__9ef506_idx ON public.targets_target USING btree (target_type, status);


--
-- Name: targets_target_created_by_id_ceeabf8a; Type: INDEX; Schema: public; Owner: -
--

CREATE INDEX targets_target_created_by_id_ceeabf8a ON public.targets_target USING btree (created_by_id);


--
-- Name: targets_target_normalized_value_5a4fc2f2; Type: INDEX; Schema: public; Owner: -
--

CREATE INDEX targets_target_normalized_value_5a4fc2f2 ON public.targets_target USING btree (normalized_value);


--
-- Name: targets_target_normalized_value_5a4fc2f2_like; Type: INDEX; Schema: public; Owner: -
--

CREATE INDEX targets_target_normalized_value_5a4fc2f2_like ON public.targets_target USING btree (normalized_value varchar_pattern_ops);


--
-- Name: targets_target_owner_id_5e85d886; Type: INDEX; Schema: public; Owner: -
--

CREATE INDEX targets_target_owner_id_5e85d886 ON public.targets_target USING btree (owner_id);


--
-- Name: tbl_user_groups_group_id_d81345eb; Type: INDEX; Schema: public; Owner: -
--

CREATE INDEX tbl_user_groups_group_id_d81345eb ON public.tbl_user_groups USING btree (group_id);


--
-- Name: tbl_user_groups_user_id_6dda685a; Type: INDEX; Schema: public; Owner: -
--

CREATE INDEX tbl_user_groups_user_id_6dda685a ON public.tbl_user_groups USING btree (user_id);


--
-- Name: tbl_user_user_permissions_permission_id_f2f92266; Type: INDEX; Schema: public; Owner: -
--

CREATE INDEX tbl_user_user_permissions_permission_id_f2f92266 ON public.tbl_user_user_permissions USING btree (permission_id);


--
-- Name: tbl_user_user_permissions_user_id_205d273c; Type: INDEX; Schema: public; Owner: -
--

CREATE INDEX tbl_user_user_permissions_user_id_205d273c ON public.tbl_user_user_permissions USING btree (user_id);


--
-- Name: tbl_user_username_3d85379c_like; Type: INDEX; Schema: public; Owner: -
--

CREATE INDEX tbl_user_username_3d85379c_like ON public.tbl_user USING btree (username varchar_pattern_ops);


--
-- Name: assets_asset assets_asset_target_id_93d409c3_fk_targets_target_id; Type: FK CONSTRAINT; Schema: public; Owner: -
--

ALTER TABLE ONLY public.assets_asset
    ADD CONSTRAINT assets_asset_target_id_93d409c3_fk_targets_target_id FOREIGN KEY (target_id) REFERENCES public.targets_target(id) DEFERRABLE INITIALLY DEFERRED;


--
-- Name: assets_assetchangelog assets_assetchangelo_current_snapshot_id_beb934cd_fk_assets_as; Type: FK CONSTRAINT; Schema: public; Owner: -
--

ALTER TABLE ONLY public.assets_assetchangelog
    ADD CONSTRAINT assets_assetchangelo_current_snapshot_id_beb934cd_fk_assets_as FOREIGN KEY (current_snapshot_id) REFERENCES public.assets_assetsnapshot(id) DEFERRABLE INITIALLY DEFERRED;


--
-- Name: assets_assetchangelog assets_assetchangelo_previous_snapshot_id_505d6dd5_fk_assets_as; Type: FK CONSTRAINT; Schema: public; Owner: -
--

ALTER TABLE ONLY public.assets_assetchangelog
    ADD CONSTRAINT assets_assetchangelo_previous_snapshot_id_505d6dd5_fk_assets_as FOREIGN KEY (previous_snapshot_id) REFERENCES public.assets_assetsnapshot(id) DEFERRABLE INITIALLY DEFERRED;


--
-- Name: assets_assetchangelog assets_assetchangelog_asset_id_2c199fc4_fk_assets_asset_id; Type: FK CONSTRAINT; Schema: public; Owner: -
--

ALTER TABLE ONLY public.assets_assetchangelog
    ADD CONSTRAINT assets_assetchangelog_asset_id_2c199fc4_fk_assets_asset_id FOREIGN KEY (asset_id) REFERENCES public.assets_asset(id) DEFERRABLE INITIALLY DEFERRED;


--
-- Name: assets_assetsnapshot assets_assetsnapshot_asset_id_08a61f73_fk_assets_asset_id; Type: FK CONSTRAINT; Schema: public; Owner: -
--

ALTER TABLE ONLY public.assets_assetsnapshot
    ADD CONSTRAINT assets_assetsnapshot_asset_id_08a61f73_fk_assets_asset_id FOREIGN KEY (asset_id) REFERENCES public.assets_asset(id) DEFERRABLE INITIALLY DEFERRED;


--
-- Name: assets_assetsnapshot assets_assetsnapshot_source_result_id_a0367ed2_fk_scans_sca; Type: FK CONSTRAINT; Schema: public; Owner: -
--

ALTER TABLE ONLY public.assets_assetsnapshot
    ADD CONSTRAINT assets_assetsnapshot_source_result_id_a0367ed2_fk_scans_sca FOREIGN KEY (source_result_id) REFERENCES public.scans_scanresult(id) DEFERRABLE INITIALLY DEFERRED;


--
-- Name: auth_group_permissions auth_group_permissio_permission_id_84c5c92e_fk_auth_perm; Type: FK CONSTRAINT; Schema: public; Owner: -
--

ALTER TABLE ONLY public.auth_group_permissions
    ADD CONSTRAINT auth_group_permissio_permission_id_84c5c92e_fk_auth_perm FOREIGN KEY (permission_id) REFERENCES public.auth_permission(id) DEFERRABLE INITIALLY DEFERRED;


--
-- Name: auth_group_permissions auth_group_permissions_group_id_b120cbf9_fk_auth_group_id; Type: FK CONSTRAINT; Schema: public; Owner: -
--

ALTER TABLE ONLY public.auth_group_permissions
    ADD CONSTRAINT auth_group_permissions_group_id_b120cbf9_fk_auth_group_id FOREIGN KEY (group_id) REFERENCES public.auth_group(id) DEFERRABLE INITIALLY DEFERRED;


--
-- Name: auth_permission auth_permission_content_type_id_2f476e4b_fk_django_co; Type: FK CONSTRAINT; Schema: public; Owner: -
--

ALTER TABLE ONLY public.auth_permission
    ADD CONSTRAINT auth_permission_content_type_id_2f476e4b_fk_django_co FOREIGN KEY (content_type_id) REFERENCES public.django_content_type(id) DEFERRABLE INITIALLY DEFERRED;


--
-- Name: db_user_logs db_user_logs_user_id_a6502723_fk_tbl_user_id; Type: FK CONSTRAINT; Schema: public; Owner: -
--

ALTER TABLE ONLY public.db_user_logs
    ADD CONSTRAINT db_user_logs_user_id_a6502723_fk_tbl_user_id FOREIGN KEY (user_id) REFERENCES public.tbl_user(id) DEFERRABLE INITIALLY DEFERRED;


--
-- Name: django_admin_log django_admin_log_content_type_id_c4bce8eb_fk_django_co; Type: FK CONSTRAINT; Schema: public; Owner: -
--

ALTER TABLE ONLY public.django_admin_log
    ADD CONSTRAINT django_admin_log_content_type_id_c4bce8eb_fk_django_co FOREIGN KEY (content_type_id) REFERENCES public.django_content_type(id) DEFERRABLE INITIALLY DEFERRED;


--
-- Name: django_admin_log django_admin_log_user_id_c564eba6_fk_tbl_user_id; Type: FK CONSTRAINT; Schema: public; Owner: -
--

ALTER TABLE ONLY public.django_admin_log
    ADD CONSTRAINT django_admin_log_user_id_c564eba6_fk_tbl_user_id FOREIGN KEY (user_id) REFERENCES public.tbl_user(id) DEFERRABLE INITIALLY DEFERRED;


--
-- Name: notifications_notification notifications_notifi_related_asset_id_3bd623bd_fk_assets_as; Type: FK CONSTRAINT; Schema: public; Owner: -
--

ALTER TABLE ONLY public.notifications_notification
    ADD CONSTRAINT notifications_notifi_related_asset_id_3bd623bd_fk_assets_as FOREIGN KEY (related_asset_id) REFERENCES public.assets_asset(id) DEFERRABLE INITIALLY DEFERRED;


--
-- Name: notifications_notification notifications_notifi_related_execution_id_9376b60d_fk_scans_sca; Type: FK CONSTRAINT; Schema: public; Owner: -
--

ALTER TABLE ONLY public.notifications_notification
    ADD CONSTRAINT notifications_notifi_related_execution_id_9376b60d_fk_scans_sca FOREIGN KEY (related_execution_id) REFERENCES public.scans_scanexecution(id) DEFERRABLE INITIALLY DEFERRED;


--
-- Name: notifications_notification notifications_notifi_related_result_id_a99f7d9b_fk_scans_sca; Type: FK CONSTRAINT; Schema: public; Owner: -
--

ALTER TABLE ONLY public.notifications_notification
    ADD CONSTRAINT notifications_notifi_related_result_id_a99f7d9b_fk_scans_sca FOREIGN KEY (related_result_id) REFERENCES public.scans_scanresult(id) DEFERRABLE INITIALLY DEFERRED;


--
-- Name: notifications_notification notifications_notifi_related_schedule_id_baff5bdf_fk_schedules; Type: FK CONSTRAINT; Schema: public; Owner: -
--

ALTER TABLE ONLY public.notifications_notification
    ADD CONSTRAINT notifications_notifi_related_schedule_id_baff5bdf_fk_schedules FOREIGN KEY (related_schedule_id) REFERENCES public.schedules_scanschedule(id) DEFERRABLE INITIALLY DEFERRED;


--
-- Name: notifications_notification notifications_notification_recipient_id_d055f3f0_fk_tbl_user_id; Type: FK CONSTRAINT; Schema: public; Owner: -
--

ALTER TABLE ONLY public.notifications_notification
    ADD CONSTRAINT notifications_notification_recipient_id_d055f3f0_fk_tbl_user_id FOREIGN KEY (recipient_id) REFERENCES public.tbl_user(id) DEFERRABLE INITIALLY DEFERRED;


--
-- Name: ops_adminauditlog ops_adminauditlog_actor_id_8fcc0012_fk_tbl_user_id; Type: FK CONSTRAINT; Schema: public; Owner: -
--

ALTER TABLE ONLY public.ops_adminauditlog
    ADD CONSTRAINT ops_adminauditlog_actor_id_8fcc0012_fk_tbl_user_id FOREIGN KEY (actor_id) REFERENCES public.tbl_user(id) DEFERRABLE INITIALLY DEFERRED;


--
-- Name: ops_appsetting ops_appsetting_updated_by_id_708680fd_fk_tbl_user_id; Type: FK CONSTRAINT; Schema: public; Owner: -
--

ALTER TABLE ONLY public.ops_appsetting
    ADD CONSTRAINT ops_appsetting_updated_by_id_708680fd_fk_tbl_user_id FOREIGN KEY (updated_by_id) REFERENCES public.tbl_user(id) DEFERRABLE INITIALLY DEFERRED;


--
-- Name: ops_permissionrule ops_permissionrule_role_id_de18ec89_fk_ops_role_id; Type: FK CONSTRAINT; Schema: public; Owner: -
--

ALTER TABLE ONLY public.ops_permissionrule
    ADD CONSTRAINT ops_permissionrule_role_id_de18ec89_fk_ops_role_id FOREIGN KEY (role_id) REFERENCES public.ops_role(id) DEFERRABLE INITIALLY DEFERRED;


--
-- Name: ops_userprofile ops_userprofile_role_id_23f7b398_fk_ops_role_id; Type: FK CONSTRAINT; Schema: public; Owner: -
--

ALTER TABLE ONLY public.ops_userprofile
    ADD CONSTRAINT ops_userprofile_role_id_23f7b398_fk_ops_role_id FOREIGN KEY (role_id) REFERENCES public.ops_role(id) DEFERRABLE INITIALLY DEFERRED;


--
-- Name: ops_userprofile ops_userprofile_user_id_30b728bc_fk_tbl_user_id; Type: FK CONSTRAINT; Schema: public; Owner: -
--

ALTER TABLE ONLY public.ops_userprofile
    ADD CONSTRAINT ops_userprofile_user_id_30b728bc_fk_tbl_user_id FOREIGN KEY (user_id) REFERENCES public.tbl_user(id) DEFERRABLE INITIALLY DEFERRED;


--
-- Name: reports_generatedreport reports_generatedrep_comparison_left_resu_c10d84e8_fk_scans_sca; Type: FK CONSTRAINT; Schema: public; Owner: -
--

ALTER TABLE ONLY public.reports_generatedreport
    ADD CONSTRAINT reports_generatedrep_comparison_left_resu_c10d84e8_fk_scans_sca FOREIGN KEY (comparison_left_result_id) REFERENCES public.scans_scanresult(id) DEFERRABLE INITIALLY DEFERRED;


--
-- Name: reports_generatedreport reports_generatedrep_comparison_right_res_4ba0362c_fk_scans_sca; Type: FK CONSTRAINT; Schema: public; Owner: -
--

ALTER TABLE ONLY public.reports_generatedreport
    ADD CONSTRAINT reports_generatedrep_comparison_right_res_4ba0362c_fk_scans_sca FOREIGN KEY (comparison_right_result_id) REFERENCES public.scans_scanresult(id) DEFERRABLE INITIALLY DEFERRED;


--
-- Name: reports_generatedreport reports_generatedrep_report_template_id_b793d642_fk_reports_r; Type: FK CONSTRAINT; Schema: public; Owner: -
--

ALTER TABLE ONLY public.reports_generatedreport
    ADD CONSTRAINT reports_generatedrep_report_template_id_b793d642_fk_reports_r FOREIGN KEY (report_template_id) REFERENCES public.reports_reporttemplate(id) DEFERRABLE INITIALLY DEFERRED;


--
-- Name: reports_generatedreport reports_generatedrep_source_execution_id_0710febd_fk_scans_sca; Type: FK CONSTRAINT; Schema: public; Owner: -
--

ALTER TABLE ONLY public.reports_generatedreport
    ADD CONSTRAINT reports_generatedrep_source_execution_id_0710febd_fk_scans_sca FOREIGN KEY (source_execution_id) REFERENCES public.scans_scanexecution(id) DEFERRABLE INITIALLY DEFERRED;


--
-- Name: reports_generatedreport reports_generatedrep_source_result_id_6d4e94cf_fk_scans_sca; Type: FK CONSTRAINT; Schema: public; Owner: -
--

ALTER TABLE ONLY public.reports_generatedreport
    ADD CONSTRAINT reports_generatedrep_source_result_id_6d4e94cf_fk_scans_sca FOREIGN KEY (source_result_id) REFERENCES public.scans_scanresult(id) DEFERRABLE INITIALLY DEFERRED;


--
-- Name: reports_generatedreport reports_generatedreport_asset_id_e5be561f_fk_assets_asset_id; Type: FK CONSTRAINT; Schema: public; Owner: -
--

ALTER TABLE ONLY public.reports_generatedreport
    ADD CONSTRAINT reports_generatedreport_asset_id_e5be561f_fk_assets_asset_id FOREIGN KEY (asset_id) REFERENCES public.assets_asset(id) DEFERRABLE INITIALLY DEFERRED;


--
-- Name: reports_generatedreport reports_generatedreport_generated_by_id_634c8b8f_fk_tbl_user_id; Type: FK CONSTRAINT; Schema: public; Owner: -
--

ALTER TABLE ONLY public.reports_generatedreport
    ADD CONSTRAINT reports_generatedreport_generated_by_id_634c8b8f_fk_tbl_user_id FOREIGN KEY (generated_by_id) REFERENCES public.tbl_user(id) DEFERRABLE INITIALLY DEFERRED;


--
-- Name: scans_scaneventlog scans_scaneventlog_execution_id_e1589cc9_fk_scans_sca; Type: FK CONSTRAINT; Schema: public; Owner: -
--

ALTER TABLE ONLY public.scans_scaneventlog
    ADD CONSTRAINT scans_scaneventlog_execution_id_e1589cc9_fk_scans_sca FOREIGN KEY (execution_id) REFERENCES public.scans_scanexecution(id) DEFERRABLE INITIALLY DEFERRED;


--
-- Name: scans_scanexecution scans_scanexecution_scan_request_id_b24895c3_fk_scans_sca; Type: FK CONSTRAINT; Schema: public; Owner: -
--

ALTER TABLE ONLY public.scans_scanexecution
    ADD CONSTRAINT scans_scanexecution_scan_request_id_b24895c3_fk_scans_sca FOREIGN KEY (scan_request_id) REFERENCES public.scans_scanrequest(id) DEFERRABLE INITIALLY DEFERRED;


--
-- Name: scans_scanportresult scans_scanportresult_result_id_54e18c8f_fk_scans_scanresult_id; Type: FK CONSTRAINT; Schema: public; Owner: -
--

ALTER TABLE ONLY public.scans_scanportresult
    ADD CONSTRAINT scans_scanportresult_result_id_54e18c8f_fk_scans_scanresult_id FOREIGN KEY (result_id) REFERENCES public.scans_scanresult(id) DEFERRABLE INITIALLY DEFERRED;


--
-- Name: scans_scanprofile scans_scanprofile_created_by_id_38c9b688_fk_tbl_user_id; Type: FK CONSTRAINT; Schema: public; Owner: -
--

ALTER TABLE ONLY public.scans_scanprofile
    ADD CONSTRAINT scans_scanprofile_created_by_id_38c9b688_fk_tbl_user_id FOREIGN KEY (created_by_id) REFERENCES public.tbl_user(id) DEFERRABLE INITIALLY DEFERRED;


--
-- Name: scans_scanrequest scans_scanrequest_profile_id_83176e68_fk_scans_scanprofile_id; Type: FK CONSTRAINT; Schema: public; Owner: -
--

ALTER TABLE ONLY public.scans_scanrequest
    ADD CONSTRAINT scans_scanrequest_profile_id_83176e68_fk_scans_scanprofile_id FOREIGN KEY (profile_id) REFERENCES public.scans_scanprofile(id) DEFERRABLE INITIALLY DEFERRED;


--
-- Name: scans_scanrequest scans_scanrequest_requested_by_id_0c343753_fk_tbl_user_id; Type: FK CONSTRAINT; Schema: public; Owner: -
--

ALTER TABLE ONLY public.scans_scanrequest
    ADD CONSTRAINT scans_scanrequest_requested_by_id_0c343753_fk_tbl_user_id FOREIGN KEY (requested_by_id) REFERENCES public.tbl_user(id) DEFERRABLE INITIALLY DEFERRED;


--
-- Name: scans_scanrequest scans_scanrequest_target_id_4f815d18_fk_targets_target_id; Type: FK CONSTRAINT; Schema: public; Owner: -
--

ALTER TABLE ONLY public.scans_scanrequest
    ADD CONSTRAINT scans_scanrequest_target_id_4f815d18_fk_targets_target_id FOREIGN KEY (target_id) REFERENCES public.targets_target(id) DEFERRABLE INITIALLY DEFERRED;


--
-- Name: scans_scanresult scans_scanresult_execution_id_e862e0cf_fk_scans_sca; Type: FK CONSTRAINT; Schema: public; Owner: -
--

ALTER TABLE ONLY public.scans_scanresult
    ADD CONSTRAINT scans_scanresult_execution_id_e862e0cf_fk_scans_sca FOREIGN KEY (execution_id) REFERENCES public.scans_scanexecution(id) DEFERRABLE INITIALLY DEFERRED;


--
-- Name: schedules_scanschedule schedules_scanschedu_profile_id_be917153_fk_scans_sca; Type: FK CONSTRAINT; Schema: public; Owner: -
--

ALTER TABLE ONLY public.schedules_scanschedule
    ADD CONSTRAINT schedules_scanschedu_profile_id_be917153_fk_scans_sca FOREIGN KEY (profile_id) REFERENCES public.scans_scanprofile(id) DEFERRABLE INITIALLY DEFERRED;


--
-- Name: schedules_scanschedule schedules_scanschedule_created_by_id_557d1f4d_fk_tbl_user_id; Type: FK CONSTRAINT; Schema: public; Owner: -
--

ALTER TABLE ONLY public.schedules_scanschedule
    ADD CONSTRAINT schedules_scanschedule_created_by_id_557d1f4d_fk_tbl_user_id FOREIGN KEY (created_by_id) REFERENCES public.tbl_user(id) DEFERRABLE INITIALLY DEFERRED;


--
-- Name: schedules_scanschedule schedules_scanschedule_target_id_883cd86e_fk_targets_target_id; Type: FK CONSTRAINT; Schema: public; Owner: -
--

ALTER TABLE ONLY public.schedules_scanschedule
    ADD CONSTRAINT schedules_scanschedule_target_id_883cd86e_fk_targets_target_id FOREIGN KEY (target_id) REFERENCES public.targets_target(id) DEFERRABLE INITIALLY DEFERRED;


--
-- Name: schedules_schedulerunlog schedules_scheduleru_execution_id_80153421_fk_scans_sca; Type: FK CONSTRAINT; Schema: public; Owner: -
--

ALTER TABLE ONLY public.schedules_schedulerunlog
    ADD CONSTRAINT schedules_scheduleru_execution_id_80153421_fk_scans_sca FOREIGN KEY (execution_id) REFERENCES public.scans_scanexecution(id) DEFERRABLE INITIALLY DEFERRED;


--
-- Name: schedules_schedulerunlog schedules_scheduleru_generated_report_id_ffc85186_fk_reports_g; Type: FK CONSTRAINT; Schema: public; Owner: -
--

ALTER TABLE ONLY public.schedules_schedulerunlog
    ADD CONSTRAINT schedules_scheduleru_generated_report_id_ffc85186_fk_reports_g FOREIGN KEY (generated_report_id) REFERENCES public.reports_generatedreport(id) DEFERRABLE INITIALLY DEFERRED;


--
-- Name: schedules_schedulerunlog schedules_scheduleru_schedule_id_1c65a8f1_fk_schedules; Type: FK CONSTRAINT; Schema: public; Owner: -
--

ALTER TABLE ONLY public.schedules_schedulerunlog
    ADD CONSTRAINT schedules_scheduleru_schedule_id_1c65a8f1_fk_schedules FOREIGN KEY (schedule_id) REFERENCES public.schedules_scanschedule(id) DEFERRABLE INITIALLY DEFERRED;


--
-- Name: targets_target targets_target_created_by_id_ceeabf8a_fk_tbl_user_id; Type: FK CONSTRAINT; Schema: public; Owner: -
--

ALTER TABLE ONLY public.targets_target
    ADD CONSTRAINT targets_target_created_by_id_ceeabf8a_fk_tbl_user_id FOREIGN KEY (created_by_id) REFERENCES public.tbl_user(id) DEFERRABLE INITIALLY DEFERRED;


--
-- Name: targets_target targets_target_owner_id_5e85d886_fk_tbl_user_id; Type: FK CONSTRAINT; Schema: public; Owner: -
--

ALTER TABLE ONLY public.targets_target
    ADD CONSTRAINT targets_target_owner_id_5e85d886_fk_tbl_user_id FOREIGN KEY (owner_id) REFERENCES public.tbl_user(id) DEFERRABLE INITIALLY DEFERRED;


--
-- Name: tbl_user_groups tbl_user_groups_group_id_d81345eb_fk_auth_group_id; Type: FK CONSTRAINT; Schema: public; Owner: -
--

ALTER TABLE ONLY public.tbl_user_groups
    ADD CONSTRAINT tbl_user_groups_group_id_d81345eb_fk_auth_group_id FOREIGN KEY (group_id) REFERENCES public.auth_group(id) DEFERRABLE INITIALLY DEFERRED;


--
-- Name: tbl_user_groups tbl_user_groups_user_id_6dda685a_fk_tbl_user_id; Type: FK CONSTRAINT; Schema: public; Owner: -
--

ALTER TABLE ONLY public.tbl_user_groups
    ADD CONSTRAINT tbl_user_groups_user_id_6dda685a_fk_tbl_user_id FOREIGN KEY (user_id) REFERENCES public.tbl_user(id) DEFERRABLE INITIALLY DEFERRED;


--
-- Name: tbl_user_user_permissions tbl_user_user_permis_permission_id_f2f92266_fk_auth_perm; Type: FK CONSTRAINT; Schema: public; Owner: -
--

ALTER TABLE ONLY public.tbl_user_user_permissions
    ADD CONSTRAINT tbl_user_user_permis_permission_id_f2f92266_fk_auth_perm FOREIGN KEY (permission_id) REFERENCES public.auth_permission(id) DEFERRABLE INITIALLY DEFERRED;


--
-- Name: tbl_user_user_permissions tbl_user_user_permissions_user_id_205d273c_fk_tbl_user_id; Type: FK CONSTRAINT; Schema: public; Owner: -
--

ALTER TABLE ONLY public.tbl_user_user_permissions
    ADD CONSTRAINT tbl_user_user_permissions_user_id_205d273c_fk_tbl_user_id FOREIGN KEY (user_id) REFERENCES public.tbl_user(id) DEFERRABLE INITIALLY DEFERRED;


--
-- PostgreSQL database dump complete
--

\unrestrict X2rh2mlLJ81gQ9xEQdlSj3A6f8Xv7iJXjoOdNfnng3rMDFFYSLNQKZfL832gfJu

